La Liga Top Scorers,Last Team,Image,1980,1981,1982,1983,1984,1985,1986,1987,1988,1989,1990,1991,1992,1993,1994,1995,1996,1997,1998,1999,2000,2001,2002,2003,2004,2005,2006,2007,2008,2009,2010,2011,2012,2013,2014,2015,2016,2017,2018,2019
Quini,FC Barcelona,https://upload.wikimedia.org/wikipedia/commons/thumb/2/2e/Quini_1983.jpg/300px-Quini_1983.jpg,20,47,51,54,63,70,71,71,71,71,71,71,71,71,71,71,71,71,71,71,71,71,71,71,71,71,71,71,71,71,71,71,71,71,71,71,71,71,71,71
Jesus Satrustegui,Real Sociedad,https://upload.wikimedia.org/wikipedia/commons/thumb/7/76/Jesus_Mari_Satrustegi.jpg/330px-Jesus_Mari_Satrustegi.jpg,16,29,34,34,36,40,40,40,40,40,40,40,40,40,40,40,40,40,40,40,40,40,40,40,40,40,40,40,40,40,40,40,40,40,40,40,40,40,40,40
Bernd Schuster,FC Barcelona,https://upload.wikimedia.org/wikipedia/commons/thumb/b/b3/Bernd_Schuster_2013_%28cropped%29.jpg/300px-Bernd_Schuster_2013_%28cropped%29.jpg,11,19,26,33,37,41,41,50,57,63,67,73,74,74,74,74,74,74,74,74,74,74,74,74,74,74,74,74,74,74,74,74,74,74,74,74,74,74,74,74
Allan Simonsen,FC Barcelona,https://upload.wikimedia.org/wikipedia/commons/thumb/e/e0/Allan_Simonsen_20121027.JPG/330px-Allan_Simonsen_20121027.JPG,10,21,21,21,21,21,21,21,21,21,21,21,21,21,21,21,21,21,21,21,21,21,21,21,21,21,21,21,21,21,21,21,21,21,21,21,21,21,21,21
Pedro Uralde,Real Sociedad,https://upload.wikimedia.org/wikipedia/commons/f/fb/Pedro_Uralde.jpg,7,21,31,41,49,62,70,74,81,87,87,93,93,93,93,93,93,93,93,93,93,93,93,93,93,93,93,93,93,93,93,93,93,93,93,93,93,93,93,93
Jesus Maria Zamora,Real Sociedad,https://upload.wikimedia.org/wikipedia/commons/thumb/8/82/Jesus_Mari_Zamora_1981.jpg/270px-Jesus_Mari_Zamora_1981.jpg,7,7,7,7,7,7,7,7,7,7,7,7,7,7,7,7,7,7,7,7,7,7,7,7,7,7,7,7,7,7,7,7,7,7,7,7,7,7,7,7
Carlos Morete,Sevilla FC,https://upload.wikimedia.org/wikipedia/commons/thumb/b/b4/Carlos_morete_posando.jpg/300px-Carlos_morete_posando.jpg,6,6,6,6,6,6,6,6,6,6,6,6,6,6,6,6,6,6,6,6,6,6,6,6,6,6,6,6,6,6,6,6,6,6,6,6,6,6,6,6
Enrique Montero,Sevilla FC,https://files.proyectoclubes.com/cadiz/201805/662x372a_10121145fotos-cadistas_115.jpg,6,6,6,6,6,6,6,6,6,6,6,6,6,6,6,6,6,6,6,6,6,6,6,6,6,6,6,6,6,6,6,6,6,6,6,6,6,6,6,6
Pintinho,Sevilla FC,https://i0.wp.com/www.lacolinadenervion.com/wp-content/uploads/2019/08/pintinho-sevillista-1.jpg?fit=640%2C533&ssl=1,5,16,21,23,23,23,23,23,23,23,23,23,23,23,23,23,23,23,23,23,23,23,23,23,23,23,23,23,23,23,23,23,23,23,23,23,23,23,23,23
Roberto Lopez Ufarte,Real Sociedad,"data:image/jpeg;base64,/9j/4AAQSkZJRgABAQAAAQABAAD/2wCEAAkGBxMTEhUTExMWFhUXGBgaGBgXFxoYHRgdGhgYFxoaGBcdHSggGBolGxcYITEhJSkrLi4uGB8zODMtNygtLisBCgoKDg0OGxAQGy0mICUtLS8vLy0tLS0tLS0vLy0tLS0tLS0tLS0tLS0tLS0tLS0tLS0tLS0tLS0tLS0tLS0tLf/AABEIAQQAwgMBIgACEQEDEQH/xAAbAAABBQEBAAAAAAAAAAAAAAAFAQIDBAYAB//EAEMQAAEDAgQDBQUFBQcEAwEAAAEAAhEDIQQSMUEFUWEGE3GBkSKhscHwFDJi0eEjQlJysgczU4KSwvEVQ2PSNKLiJP/EABoBAAMBAQEBAAAAAAAAAAAAAAIDBAEFAAb/xAAtEQACAgEEAQQCAQMFAQAAAAAAAQIRAwQSITETIkFR8GFxgTLh8RQjM0KxBf/aAAwDAQACEQMRAD8AEOaSZJJJ3/VOLU2EmZBQHApYmlqR7kwvKFmokYCLgkeBj3pA2Ew1E3vSsNJsqdk6qNr07vFhqHBi4NCQvXByFo0Xu+Uotwrs+6pJNtgCD8SI+OuivdmuAvqFtVzSKYPm7lHIdVf7ScS7qmxtFwaTBEbBwPt3Pta8tplLnP2Q/HjvlgrFcOpU5aZtq4AkNO4Bi42t1UtDs93jc7Hgg/dDSBmP8IJNgB53WYxGOqNDjUcALhrYBLubtJjS5TeD8dqU3j2yG6wA2OoNl6EJVdmzlBOqDGN4Q5hIyu6XzT4QL8kNzcyUQpdq3gv1AcdLGBvlmwlDqga67T5EEEeXJFFv3FzS/wCo5r+qcZ5qsGFTMJR0AJB5+9NIPM+qlL1HmRJGMaWnmmFvUqUuUaJAkbWRaSmPB5qVxTStBaLlLjWIa0AVXAAAC/JKqIaVy2j1sIvcFEQkDksrwNiEJjqaklIVgRFkXNpKaE0hC0aNeFBBlWUqyjbGAq5wvBms9rGgyTBPLf4AqrlR/sfiu7c8CMzoDSZtEkzF4gbQl5HSsZjjulRrOK4xuFoBoEhsidBOWbnxj1XlnEqtSuH1nBpyloc7f2piZ0ECPRG+03F3VGGk/wC8HyBcC9iYNzE//YHZCOOvphuRpJaSSIIIEQwEkC7iGaHTN0SMV3fyU5Vw0Add08WSOeNrJJXQRz2h7nzYqTD4tzXDlNwoLlT9xDsu4WOjVfYbOqcq2Du2A5pjkduoMFTSkjBHhMK56YiQLJEhSSllFRlkRC6E4mVGVqR4mBSqMLkRllrKnNamtrJ2dZYNHZUuRM7xTMKFhpERCSFKQkIC8eIFylICYVh6jg9EuD4nIXOifZImBaZHmfyQxHuCNpik7vDGeWgxJLgDAEXIuCUjO/QyjAvWjN9qnZnzmGW0DfSPH1QalRJbI0HkpMaCXOAkgaWO2u3Najh/C4pgaGNVqmsWNIZ4/NkbM3gaTMwL3COV0dp4XDH2hBjWNPFMxHBZOrnHkieF4XlovB1iyHJli+Ux2LC48NIEVKeHD8zajfAgmD0hCOJEd4S0yDuPRGqHCTm9nM0/V1Q7SUMlRvMtv6p2NrdSEZ4y2NtVyRcNrAO9oSTYHf15Io5t9kI4ZQJdmIsB7/mjBdJkon2TLoYQm5QnPCavIwaQmyn5VG9kIjDk6yY1KVtHiUNCRMBSraBHhl07uiindtStaEjyob4mCxTVtjICud0E5zAheVBrGwU9yaHIj3AThhgt80TPEwWSuRF2FHRKzCBD5omrFIoMpSiGFwTcjnPcBF2jWTcQRyueu8iFLh8ES4Na0ucbAASSp8R3VN/ctYcTiDINOm4BlPYhz4MuE7QBuV6pZeIBJxxczMnUfUoVQ32S3MOZiTeJJI13MLZZSAI3RHD9kZYG1RTztaXktDpB1a0kuIOguAPzHtfAb0t6KXNfFrkvwNc0+CJ0zAF911TijR7PdP8APU+iqVsS4uOQCATMkiVUqYipMljJ2uUMY2PdvoM03jXos1xvC99VnNGUBpEH+ax0n2kTwlZ5dlIuYDQDN9IT+03B6mF/agipTeRn2LTAAvu20D9ZVWmxOUuGRazIoxpgx7WtEAyAALT8/JMU+HoCozO0HKDBOwPInmnjCJ8vS6ZCvUrRUJSQrDsJ4rhhFimjdrIWp1YghTjCJDhVu5GbWVGhI9qsfZinHDlHuRm1lQMXK4KK5HaA2svvYOaVjBzVDvTOqc2oZEmyg2lamEg0c04s6ocyuUpxRQuISki33cbpHBUnYopv2krNrC3ItvCKcE4HWxB9gQzd7rNHh/Eeg84VrsbwH7TNSrPdtOUAWznUyf4QOXNbHinGBh2spUqIqVHSGUmkNDWt1c+fuMHPyTMencmBkzqKAHFmtwLBh8O3vcXWaZcbd2zQvd/AydBvG8IN2FwDKTHuY8VC50F4EA5Ro3mLm+6j4hiTUa8urAUiZxWJb/3naChh9zTaPZtrfrJPs1TIoiaZpgucWtIghuY5JGxyxK6Dh440vv3/ACQ73OVs0j3kU6jhrkMeQWExdUZjGh+a3lJ3swvOMTLKj6Z1puI8tWn/AEkLn6iPudLRSXKZDULQTmsqjTSzfqrOMcH8lXw1ENMpEWkix3Yd7KYcGuCdmkidtp961PFaLXscx4lrrEG6Adi/aqPf+6BlB66k/AeS0mPbZX4OInM1TuZh6dM0CXupGgRY1aI7yk4bitR/gV6thqNRoc17aTnCWnNNCpeIZUN6TvwP8Ad1b4lwl5PfUKnd1YAI1Y/b2xz2m+3ihFBr2l0UnU6hbndQzA0q7Pu1Qxo0duN1ZLHHLHkgjkljfBWfh3gkEXH1qNVGMyO4zFirRDwczmNlrj959OcrmvH+JTcQDzBB3KCfaguZPG4SaZ0ceWM42IXFIXlONcFMNUIUgrQ8mU7ZRCuFxxIhEjzaHQlUX2odPRcjAtFaUoK5rUpasAsa5IpBqucFjNI8yWd02Fb4The8r0qcTmqMBHQuE+6SsSsKz0zD1PsWDo02tz1niGM/jqO9ozya2SSdgPBY3GYkPFQvqE0QQMRWFnYp40oUR+7SGkDrzJJLjeONeq7K7IajXAP/AMHCsMPqDk6q4GD/AA5eSh4JhBVLK2XLRpiMLTP7rf8AGcN6jtRyHqunjioRt/fv9/g585Ocq+/f8fJJw7hLnubWxLWjKP2VBv3KAGnRz43i0eEHcPRkDwCheDcOMgzf66LHdueKV2sptZUcxpLw4MOWcuSJIvubTCVzOVDOII3L8ZTbLc2Zw1a2CROkjbzhY3tPhXOqitly5hliZnLoSeZH9Kp/2eOtWA/Af6lsMbhhUplptI9k8jsfWx8Sk6jG1aH6bKlJM8/qtPJKGEiIufqFeqAglrmw4GCDsVf7P4TPUzkeyw+rth5a+nNc+CblR2JtRjuYSw3DO4Y1zHua5uVpymxuAZGhkkm6C4jt1Wa99N9Gm/I5zQ4FzScriBIuJtstRjKgyj+dvuMry7jVq9Y/+Wp/WV2NJii29xwNRklxR6DwbjD8RS7wsay5bAJPIC/mFa4zw7vqQyGKtMF1FwsQ4CwHR0QR+Sz/AGLrfsMv4yfd/wAei11Krv5BbJ7JtIxLdHkytOsHftB/d1QawGhY4AU8VTI5ZHF8c2yglVpaSDqCQfKyO4kBtarAhjcRRc4RoK9M03ub0cXCyz+KDg72tTDp5hwDgfMGUGpSdNG6Z02hQ5I5yhzri5S0VWPJSEqIuUbnrUjGyfOuUGfquRUCW2OTnOVSnUT+8CXtPJk4cmyo+9SOqLKDtEm6P9lsO79vUYJeyk5tPQQ+oC1pkkCzQ8+Xksx3yN8FxT8lUCMgp1qji5oLczGN7s31c1ziR1KPFC5oDJOosK1aHeO7sCG13ZnR+7haB7ukwcg8ifAlaUOAgDygeUR7lmOAYgmtSDhlH2RpDZMTUqF7jG19ALAGAAFoqrTyI8BI8VXlfsTYvkq4+qACRY6ETrNgYWN7c1vuN/E93uaEc4iXd8ATYRG3VZfto+a4HJg9SSfhCDS+qY3PHbBfkK/2fAAVHEgZi1t/wif9y1H/AFOkXGm12Z2wEnx8FheAf/Eq5YzMfmuLCWgAnkAbztBQzhlPEPf3rHOkGS8uIm8kfi6gWvey9qFKU+DMO1R5PQqTqGJnRzmEtIMtc0gxBIIMSLbKtxfjTaL6eGoxmLmh0aMbIJF9XH1uTuFheIvLK9UscQe8fDmkg/eO4XcJJNemSZ9qSTudUa0ij6rBeolJKJ6MHyweK81x1XM97/4nOd6mfmt3Vee7Mai/yWUq4+kxpApRWbLZuWv9oEEgmxEA2hFpp7b4BzRui/2drFtBuUS81Q3LvsAfATPktxhwQNgBu4fALzfhOOe3K6ZcapLi68gi8r07DtgAw3xuPdCXPmTGJUkZvjdUCvUeSRlpYZ5t94MxMuJHgB6IDxWm9rwx0EMaGtcP3micpPUAhp/lWn7Rt/b5ozZ8K8OadXNbVa54b+LI5xHghPFR/wDzs0cGPBa8CMzKzc7S4bOljgep6osv/F9/QrFxlAJXJXELnFRFrOJsoXKRxsoiUaBYsrk0PSI6YNi5Y9EoVx+Aco3YF/JJ8sfkwgAXBsqZuCelGEdyWPJH5CRXfTWnbhXfZe7BjO3D0hBF31qhrvHlTcweSzz6T+S2T6BpnDkj2GVBVImCf2TWNBtEiE3DmhF22BkxTyKoot8GptfXxT8sta5lFg5Ck29/5nItnItMHqQZHVAezuPbRY5tUOzOqPeXNgj2jPMHSNkXfj6VUZadUNe72W5pBBNpAOpvsnTnGUuGDHDkhH1Jg7HUpJqzItHWdPcvPu0OID8TUOwdl/0gN+IXqPakMo4cNZpTE87MbZeOTJkm6PRRqUqN1TuKND2KrObXcB90tl3kbf1H1WpeWZrNt4x4XF7XiCNTzWQ7J1B3r/5P9zVqsMZut1Mkp1EHDC42zF9oQBiagFhPIDYTpbVR8G/v6fifgUzilXNWqn8bvcSAncD/AL+n/m/pcqW6x/wIS9X8m4pukEc1g+Mty1njkfkFr31DBjVZbjFYPxE8yzN4wAVHhlUn+ijJHj+R1A5Gs5zJ+PzXquDxLS1sGZAixg+BheZ4qnldl/hEeep+ui3XZni9EUGNe+HNEEQ46aaDlCSp/IxwbraJxzC5q+GzGzxXpTBABexpbr4FCMAS/DGk4fewxa0T/wB3C1HnL4lrgfAFF+0nEKdWm0UpNRlRlRpIyj2TeTroTtyQzMM7i0HKcR3zRNwHMLKrfObJnmx7Kb+/WK/02bfaizGCqUrqpSZYSPKSNsQ1SuL7JoT3aIk0YMDlybnP0FyK0DyegsYIFtlxpjkpmRA8AlDF8vKfJZtKpojklNIclYqMUWVDvZtENPCAkCNSB6ojxh8vPIJOGMmswDnPpf5KTi1EiZ1lV4G3Fv8AI/DSkBHnZDeJPDSyTEPaTGtjJjrZXaiJcN7H/bKbahflGe0AkwCA7eLwfCPJdXQ15Fu6N1jaxOuy92oBfQqvDgWGmS1wNiC2RHOV5Q9hXvPFOANqYZ2HaA0FmVsaCPu+QIC8Mr0i1zmnVpIPiDBuutpYKpHGzytoKdmKd3nwHxJ+S1TDAAQHs7TikCYEkk+sfJEvtESbWBPoFLk5myqCqCMVXdLnHmT8Vb4CP27PP4FUFf4B/ff5T8lbk/pZDDmSNNVdBCyXGBNZ8c/fH5rSOqak6AST4Kv2RwzalZ73RIGYTtJuR4W9VFC0pT+EU5q4iFafDJALtTBPjF/euxGG7uCNDbz2+aI1MQ0ae0en5qtUe52unILgQlllK30dPBiaaaIYKcx109oC4NGvonotbIX8IaT5qF/BxyRenoErlI9RNOrOTPGrAw4QEx/CByRvLKa9qOOon8gOCAP/AEYfQXI1lXKjzzA2okpCwU/eqJjxASyuXLtj0K9yizynVNFG0rKQQS4EZrt/zf0lXuLwfrVCuEPy1mHa49QR81f4w60q3Tv0V+RuJcmdxbdV6DgaGSjSFMggMbEb2meszKwFa5R7stx1jGdzVdEH2CdIP7pO0GfVdPTSS7C1MHKPBY7UccxdMAU6TSzKc4Jc15/lcCLAcjK8r4rjhVcS2m2mDsJJ8yble24ioCLQ4HbULL4vs3h3vDmg0nAmMsR6RbyXXxZlBVRxsmJyd2ZWjh8rGNnRo+F1FjnBtN5kD2SBfnZasdny3Qhw+tj+ao8Z7OmqyBDMpkkU9bQATMBT8Xb6KHLil2edkq/whkEugm0CBO/6LQ4TgFNg9r2nc/yCuOaxkez4BBn1cWqiNwaCSpyYOaxzmOYWwHCJOvkFLgeFtp3kyRBPyU1TGAKo/iIG6ieom1tXRctPji9zXP5CEgeCY7EQg1Xiw5qPD411UwweZsPTdJeOT5GeWN0FnYoBRMxBcQBcnRNp8GL/ALzz5W/VXsBwk0nTn2/eBNuh1Cx40lx2elkl7ILBkABc4JKVSbaEKfKuS24umSSiyMCyY5THRRO0WxkhbiyGFylAH1/wuVW5C9rKzSCB4D4KRsKlQBLWkch8FbDwApZqmMiSmCo3jZIKtkU7PYXvKsn7rRP5IYQcpbUMSQY7P8BaAKlRsnUTsqHHaORxbtt4FaPF8Up0yxp3+CznaribXvDQIIFjz6LqyxwhBKPsHg3b+uDP1QAhuLb9fBFHkG6p4qlaUcWVtDuE8fdRIDiXM33Leo/JbOjiGPAIIM3BG8rzI6EI32Wxb2MeAQSXBtJp2ebl3IMAv435quGbauSLNp3KVxN5QoUhmc+pZkZgLAHkXfxfhF9EF4z2iLpbTGVmw59Ss/iuImW0gc1Nl/5nH7zz/M4nXYAKv32aSOqRPK5FGPTRhyS1sRGkk/XuQnE4as8Go6o1rQJvJPoBvt4qdzifZbqbfp4c1BxKtJFFt2s1P8Tt/S/nPJHigqcpCs+RtqEOwcKTz+97lI3ho1cSfd7lZpCJTn1YQuddBrGvcrPwoiAICv8ACWNDhoFE6oCOSqmqQZCC3JUbSi7NcKrbdAoMTiZgDZA6FV3NWWVYKDlMcqYRDyMruWvgijHLP1cUS3KN7K5SxZBghRaqG5pomzNRYTe5LqFTZiRKlbiBzUqg7EbkSLlT+2jkuVXjkBvRR4fiWwATEAfBXMoNxBCz1PDODRabD4KZjnt5pmTBFtuLFRyNcNBw0bdVoezdcBpBtufJYg8TeDqjfC8fna9swSDHjzSo4543uZTjlGToscXruNTMTbZCuJYrN4812LxbjaNEOrOVSfB0FHgIcPrZrbjX81bq0ves9Rxfdvzbb+C0jKuZocNDcFalRl2Z3iuHLPaGm/RRYDHZTb+EifE3I8pHgStLWpB7SCLEXlYp+anUc07SE6tyFuWxhOjWmST9436D/j4qzQpZtLAW+jyQWlWtbSERo4staMuvPW/gRYooY+eQM2eo+nsIvcyiHEagGPHb1Me7qgNAxv8AqeZUfFsYZawzP3jPiq3f2TppslxTSdsvvxEKnXxPVVXVp3UDTmPRbjw26My6mkXKVd74AgdSrrG5W3Mnn9aIfmTziLKnUaRwrbyifT6tSvf2FGVmkSDfknGt6oMKm8rjjFF4i1aig/gX5ntnTX0RyJuhXAqJDC92r7joNvVFaei5eolc+PYXKe7kZUvso3uups2yQgBDHgU0ivmCVTB4XJ+4zahlCl7LD+Fs+gU78ONrnRNwtP2WibgC3WIU9OqBY+7xUk5NSdDIopf9PB1F+a7B4AU3hw6/qrmYE21SlkX66L3lnQSik7QI4o6Hn5qnnRDjuAc9oc0w4bTr0nY+Ky9TGlstcDIsREHzB0XQ08PLBOJQ9VGLqXBcxVcSAPNaLs1XD6dVmoYQR0zTb3LCVa2Za7sK4dzVH/kE+GUR81bk02zFbJ8eq35dqDptb5oDx/gprQ5phwseRHlyR2qY030mLqKnWAkSpYS2l84b40wDwngxZZwkAze0ztCJV8AwjSDtFoSVcYA7KeauNLdjKgyajLv3Pgg2pcGfxvZp1Qth4BnUzvz31V6l/ZliXCRWpervyRdhnS6IUuJ1GiARpr+ifj/+i6qQLxIxvEewVWkRmr0iTs3MShvGeG0sPlY1xdUN3kmzRFhA3Ovl1Wt4/wATFFmd3tVH/cHzPQfMLz+tULiXOMk3JNyV0tA8ueXkfEV1+f7Emo2x9K7GZ0uZMStBcQ1oknQC5PgF2HKuWySrEeAUW4BwfvDneP2Y0H8R/wDX/hXOD9nYOesJi+TUf5jv4aeK0IYItbkOS4es18XccffyWYsL7kJU0gKMNPNOLL39y5wMX2XJTooaEe/bmkxAhoAmBqevRMqiNLymteTY6JkX7gNDhVHIrkoqFcm3+DK/JYo4j2ACLkA28E6kQJJmSJHQ/UKnhpAYAdhqdbT6KfEGoIMfe9ocokiY2UslcmOXRYZB31Ezpfoue2Bc2G6hp/KbWH/K57gd52hK5DLZbA52sSbKji+G0qsd6wOcbZpg9PaFypc7hECWj69UoIkjWd9FkZSg7i6/RrSfZmeI9lSD+yqT+F+v+oWPp5pOyb3U6tWg8FrnskA82Sbc5a51/wAK076eY2EDa59MxQjiFPLXw1SfZFQMI6P9kEeZXTwa2eT/AG8juxSxKE1OPsGahAoMfu0kEeBv7oScVohgbUaZa6D5HdWqjGHB1CfvNNRv+6B5EIf2bxra/Dhm+/TBpHyEt9xCaoXGzoeWpKP7EqYVp8NfoqF+AJsDE6KPhlcPp3n8OuknbxBCu06c7yQFz9RuhK0+GJzQi3fyVGuqUwQqmL4nXa3NTDcrAS8uB0kARHUx4kI0BMBxEePopOM4DPw1+V0ZqzQ4/haDA8M8eqPSJZsii4r7wSZVsi3fR55i8bUquz1DJ+A1geqiUBeQYOykdU5gr62DhGO1cUcx23ZNhcI+q7KwTzOwHMnZbHhnB6dEQCC8xLt78uQQbs4HBhcGkB3P97a3h+aL0ce4QevwXA1+bJkk4xfCKsKjFW+wiDBglQVduWi6pxEOdtHWD9FSMgkQddgNFyqceWiu0+hC2NQYJ15JxAgxqlq1Y05fXgmsZI9/JeNGPcRYj68Uj32d1hOLQf3tB4W+eqcKsNMWmxvMzt7kcWCyn3b+nokU4f1SqjcwKRDhXEMbABMeQtzUrnnaZi40FuXJRNFmxAADYHMwN06qSIm5O42j5KaS9Q+PRMHTsBbnrAUtYWFotvGnUjdUWuzWNrwBMjx1U3eGYNwLSlSTDVEneeQ6TfnK6tUOzbFos4afnzTGGDOwBAafj4pW4glwM3mR8rk/ULGeUfySF0BuYxvrOttB4KTivBK1ahRbhm5qr3h+2VjWk5XOd+7eTzNgl4XhTiKoY2Zd946wNyfrUheo4XDtptDWtAA8ldocNy3tdCsstvCMxR7L1BRczMwGo5rntguDbAODXGJmBeAuo9j6VCkaWG/ZZiM5u/N/qNj1WixT3/ukT109YUFHMJzOzGbWiOi6qXFC3mm2m+wPU7LUYGSWOAgOb11sbXQ3G9m6jG/syHx5O+MLXZk3NNknLpseRU0eWWa9zzVjCCQQZH15KHHcbqUCWsDXtcxuZj7CLA6XBBiPJbDtPwnMw1GSHtuY/eH5rJ4enSzB1Wm6tlkwPvOkWETe8G/Jc6MHp8yscmpo84xTw57nAZQTMcumi6rUMR87q3x0g13kUnUmky1jmlpAPTxBVBfQp2rOa1T4PRcLlFNsWBAgfwwLe5I0ME5wNDE3A5x16pnDwXUqMsM5BrIJj5SrNVr4iALGTzgzHh4cl8tK4zafyX1aKGIwQj2T9fkqlXC1WXE8xr6omGxoS3QjpzPxKneZBBFufWBvuOnVMjmkvyD40wF9scWxFxf1VmnxI2JF4uiDqLOTQdSTry08FXqYcEmGnQTHxTPJCXsY4SXuRPxjCDfpc6p9N9iA4SbDlrvKr1eHggkGLSPL9VB9kqAEgi31qd5+SYo430wXuXaCOYcgfIrkP+01BadFyPxP5M3fgJsblpNcTIOUezcCQNrTqOYF1PUqWgtEHYfmdPJNDwGMvEBv3tPIAfFOLWm5dLtyZ8ZB8bf8SosiTb/bKY9EbcO2AQDJJMR+XkPNT9zrOsxmHu9yiLQwEbyTMzsCQB+vkuawgW2uLjnPz+CW/wBho5zBfYiLG067+XzUVSqSLaH47GNk6o6+5neNNtuse5K240k6AaaEyYkXF/eto8b/ALB8ODKBq6modejbCOV5WgquOyocHeG4aiB/hs94B+amFXVdvCqgkSS7HOJQ/HVKgDe7yyTcuaXACDyI3j6uLj6ihNW8JwAMwnGswaXBsuLiIMHI2ZflMnLIbf8AENFcwfEG1LAOa6A4tc2CAdLiW6zodin1qLHAhzQQRBkag7eCjZRAcSNSADN7CY/qK20ZydiqTwS9p2gtOhi/r9WWRrHLXa6no8gtBGhLiIvoM1vBbN1aNfX60WO7dV2sNEk5S6RMxoWn9VHq8e+PHaG43TMn2+wtUuFSrXpPc2GFjIzNkEkkDQE6A89SsdlRqqTTY9opsOe4cabXFu9iZykjlCGluU8/TXe0m3VX4ppqhGRU7Nxgq5dSpk121jpDW5HU2hos5h5RqrgFmjMZ5nTmbe9YhnEy0tIceRHMIvg+MTE2jSJtNrXgX8FydXpJb3KK4HY8qqmGa1U5iAdbC0E7EyfgkdReAAD0y6+A6ulMpYgPbEAgaybjTQTznwTqr4sQXRvcAaxIjlKjprih3D9xoaXTcCYtMbSPglqNmGkjKAPGZ0PO8aKL7TAki3WdTMX8ITalQOEkgz4iY85G1pTFF/B5vgnLJEjWJJzDQTAjnpbkmPpOLbm0i3OCYm97fEKvBkkSBIi/KettvVNy2mZJGkjwmeXwRqPIPNDzhn7ubP8AN/8Alcmiebvf+S5P5AsNjAMyzeRTY/Xcsab+uipZcwv+EeRdolXJORLe/wBjF0ixhqYtbb4SEuMoATBNjz5j9Fy5SvsdfBRqMkt19oCfIjTkmZrhu2vqAfjdcuTKAT/9PTMA49xQ6sZ/SFPUEaLly6uP+knZBUqESUlMSATckTdcuTARHstIJH11SUnWXLlp4XNdYH+1Ek9yOr/g1cuXvcGXRiMHXc19jaNNtloG4dhFQ5AIYSIkfdIi8zHtaTsEq5T6jhpoPE7TTB2N4bTYzM0XBPuy/wDt7ghuWR628yPkuXI8Um1yLypWO79zZAP1MfAItgsY6xsYBiZPPmZv8yuXLckU1yDBtMv1a5IJIFoAt1B+JSVHkAeB1v8AWq5cokkVNuiaq2Jja1/H9PeoaQ/aMHMF3nA9y5cvQNYaw/CGOa1xc+SAbERcTayRcuVdIw//2Q==",5,16,20,32,41,51,61,69,71,71,71,71,71,71,71,71,71,71,71,71,71,71,71,71,71,71,71,71,71,71,71,71,71,71,71,71,71,71,71,71
Inaxio Kortabarria,Real Sociedad,https://upload.wikimedia.org/wikipedia/commons/thumb/0/01/Inaxio_Kortabarria.jpg/270px-Inaxio_Kortabarria.jpg,5,5,5,5,5,5,5,5,5,5,5,5,5,5,5,5,5,5,5,5,5,5,5,5,5,5,5,5,5,5,5,5,5,5,5,5,5,5,5,5
Daniel Solsona,Valencia CF,"data:image/jpeg;base64,/9j/4AAQSkZJRgABAQAAAQABAAD/2wCEAAkGBxMTEhUSExMWFhUXFxobGBgYGB0fGhkgGR0eGBsYGhoYHiggHxolHR0YITEhJSkrLi4uHh8zODMtNygtLisBCgoKDg0OGxAQGy0mICUrLS0rLS8tLS8tLS0tLS0tLS0tLS0tLS0tLS0tLS0tLS0tLS0tLS0tLS0tLS0tLS0tN//AABEIAScAqwMBIgACEQEDEQH/xAAcAAABBQEBAQAAAAAAAAAAAAAFAgMEBgcBAAj/xABNEAABAgMFBAYECAwEBgMAAAABAhEAAyEEBRIxQQZRYXETIjKBkaEHQrHRFFJiksHS4fAVIyQzRFNUcoKTsvEWFzSiY3ODlMLTJUNk/8QAGgEAAwEBAQEAAAAAAAAAAAAAAQIDBAAFBv/EADIRAAICAQMCBAIKAgMAAAAAAAABAhEDBBIhMUETIlGRFDIFFRZCUlNhcYHhBmIj0fD/2gAMAwEAAhEDEQA/AMtmJmqtWGTiMwrARhNSqgSxcMX1eLN+Dtohra/5oP8A5xA2eS96yQ36RL9oj6JUiEnCEkt0UwOTXQwYSNoxra/nD3wsDaQftfkY3hEmO9E0L8Nh/AvZA8WXqYbaZ20DAo+F1zTgcjvZiDDSLbtEkh02sjX8WD5NG8wtoR6XA/uR9kd40jBFXrtENLUf+gPqQuz39f4JxotRDU/Jh9SN6SO+FHkPCA9Hp/y4+yD4sj57tsy95xxLkTC5YPZut3nowQOMCJki8h+jz/8At1/Vj6bwOISQ0VWOC4UUaIa7UQVRm1/LPmMm8h+jTv8At1/VhHTXj+zzf5Cvqx9NuTwj2M6wdkfQp9Z6r8yXufNNlvS3yv0Uq/5lnKvBxBaV6Qb2QnCmSlI0azMPIR9ABQ3x3Fxic9Jgy/PBP+CGTW5p/PJv+TAf8zb3GcsfyDHj6U71GctHfJPvEb4TvhALxL6r0n5UfZE/HkYIr0u3iM0ye+Ur60cT6Yrf8Wz/AMtX143iYwzbvhCkA6DwhX9FaP8AKj7BWeRho9Mlu+JZ/mK/9kLl+mS26yrN81f/ALI24yE/FB7hDZsks+on5o90L9VaL8qPsHx5+p887V7bT7wCBMRLT0ZU2AH1md8SjuifcVnlGQgqQkkguSA+Ziw+nCQkGyYEgUm5AD9XugRs/KezyzTI7t54RpWGGLGoY1S9ASk5cg/ZdB/CkgEV+EI9opH0YKR887OD/wCWkj/9Cftj6FcRXsichZWY5ihtQypC3jhRSN8dxcobWSAcPdED8q/4cFM4mSLclS1IGac4XPnYRiMDrBZFoWpayl1cYkW5TpbEmuVY6TidTJsuY8QL9vLokAsS500hE1aylgsJ7ojzbOVowLmPV3aEjmx+qG8OXoD/APFJCy0s4WHN/dCZW0uKanEghJpXeYj3kqzSFBMycQSHbD7ogKvSw0PSLLH4p90VU0+UFwovmMQ2VRTJW09nQcQXNP8ACWhyftnIWlgJvMJg2hNjLRb7QUy1FLEgRV5V9z0hgkePfEaVtHZ0v1JxcaiIytorM9JE084O4ZQ9Qhab4tChUJ0PhFnkWjqjEQ5Aijq2glDKzLJ5/bHbTtGVlzZjTLrNHbguHoX/ABiPYhFRubaNcyYJZlYA2ZLwYXbyJmHEkBqQdt9CcrToz306dqybsM5+FZbQHuBZFnlhzloSBmdIIemm0OqyijYZvtREPZ6Wn4PL6zU3DeYhmXCsqnwgFdqlC3SzLLL6YNTI/d4082y1t+dL8oyfZi2TEW6StQUVJmB0nMljThGvWnaOfhxJs4FQa7nr5QztcDroR5aLwWCRMmNo2UKVdl4M5nTI6nb20JDJs6acfshf+OLWRWzJSDqX90d5gNfoD5ci1KztCx3mHfwZPP6RN8VRLTtnaMk2WWW1f7I6raq2lmkSx4w3IO4MNxzjnOm+Kok3VdK5MxMw9KvDoXMPTNrLe9JcrwMS7t2ntaljp+jSj5IhJK4tMKvcF1XovSRMP8OUMm+Vh3s8zvDRA2r24+DyvxSsU1XZcUT8s7+A90ZJbLznTSZkyYpalaqJPe2XcIxQ0mOS6GjfLuzR7ZfVknTgZywlgzGvmHpDkmzWeavDJmS17kpWl+4O8ZWmYBXzGfKPY8ROIcuEbIR2KkLKO42iVs2WIMs97QiVs0sDseYgFsjtkpcro5pUZiBQv2hv5jKFdHaVkq+EzACaAE5eEBSk5coSUNq6h+Xs8smoHiI9N2cNWCfGAguyaf0ia/Mw3OuOaz9LNJ1qqGbdgiiw/gRhUoH8UJ/Abv1keMA/8MrKQSuYTzVD8vZpTAEzCDm7/wBxBja7isO2G6koUCVIJ3Aw4uzo6cdUGjVgRc9wdBPSsBTMXd/pgpOtIFpSnQg1i+NkcnUoHpoQlMyy0bqTfbLzaAVz2iWJEsFQBCagqA8oNem6syy/8ub7URncq+5qAEApYUy9xiU4OSGj0DVylCb0QuaeomecR4AHdGyfhixBNSSORjItn7IJl6olk0M9YrwCo22bcqCjB1fCFyNJ8laB8nai7kBig01wH2x2btxd6g2FR07Bh6TstYyGWsOc6gRJ/AFhSlgpHiITgDr1A0q/btHqzCf3VQ5/iO73DSpp/hMS5WzskAtNlh/vvhRuiSKG0SvL3wyoD6g9W1NgqBZ5p/h+2Oo2hskyibGs8wHPnEv8C2YZ2uX4j3wxbbDZkS1qRakFSUkjKlPZHcB7mbbZ2wWm1NKRhHVQlHxWoXbiT3RJX6PZzAiejQEEENy3wxsjLl9OZi1t0Ydaier1qaauDlm8XmVtXY0K7eL+E+6MmfNOMqgelp8MHC5FRtfo7WkAonpJ3KHsivXnd8yzkCYNM9PGNbtG0tkT2qOHFPOggfaJtjtIKULQSckmj8A8Tx6jJdy6Fp6fG1S4Znez9tXZLUhZR1k5oU4fGGqNzEHwjUrHtJa5gOCyygBvP2Rj8+UUTsKnGGYEl8wAW8hG1WO/7vQCEqmHf1VGN9rqeXkVDFovy3pS/QSfMxGXtFeCRiMuWxO77YKzdorGU9iaQNyTEObtNYiljKms9OqYW0+wiXBBG0t4KylIAeOzb+vIUwyokr2osiQGkzW0OE+TwlW01l/ZpvzftjlXoM/2PXTetsXNCJxSEkHsiJ8+xjpEgqq+evKBatrJALpsywWoS0DF7ZhSgvo6uwrk0XhJJEZ43J8Aj0yUm2YbkTP6kxctjZaVWGzKwpDyklgkNWMr9Id+qtUySVDDhCgGObkRp+xij8Bs3/JR7IpjVksqcUkZls2VC80FIBX08zCHzov6I1tdrtbH8QPGMYuSYtF5AoosT5rHuWPY8ataZ1sEvH0welG3xkzY1KXJtjNpcCDsFOnPNUQkrLs+UdX6OlJDu7aOYYslsvNQDTFAEsDhoOMWAWC29GVKtqnbIIDe+DddxJXZXpOxq9ZSjEsbHFm6AvEm6JltmpJXalJrRkj3QRtt32hKCr4ZNKgHFA3g0GwO7A9l2LLHFZ3L5kiFW/ZCZ8GmSZclIUsULjQgt3s0NSbTaMP4y1zQX0ZvZCSu0KcJtc0nR/7QHfqHuVjYm4iVWmVNBQQpKSCzhq8RBWdsRLxEtT4xUok8qtBu2XXMkTEzzOUsLQkKxZ4kuQ3Ag+UO2q1rXLOBSQsB0vk/HhHnZ5yWTh9T2NMlLGnRH2l2aTOEoAB0IYA5Hm0Cbu2PCGIUpLHIqxO2tRSCV1Wq1LUTPUgJTkBm+990S7XeDimcSlkkuEy6gutGY7SWdc23TJaBiUpSQkcWAEavc+yKkSUpWZZXhGLXSsZ7KsyptpUEOqb0pMwpHYSkMEhWqjnTcY0i77aES0oVLm4glj1FHzjZLLLHFbVZ5WWCcnyTE3EySl0j2Q3a7iSqSJYUgEZwk3mnSVO+YYjW+0KXLUhEmaCoM+Fmia1GVv5GT8KK7kmZc6cCElSerwEIVdQf84loBL2ensk9JNL55UiZ/hkkB1zONY1eYm1ETfVzyyhRM5KaFuPCKFIsCQlOJaThUXL5PFkvvZmaklSQtSQCal++KTKkrKV9U+EUjdcjLjoC9qLLhXLTiCnSouP3qRreydLFZh/wZf8ASIx7aVBC5YV8SnjF5uTa9EqzyZZlqJRLQl3FWSBGiEtqMmog5dCs7PqMq9UnDjKZ84NvpMGvjGtWy9piEYzZi3dGY7Jygb4SFVHT2jyTNrz+2Nqny0LThUXHOMuWcVLk0RjaKzJ9ICwkJFlO6ihEs7azykg2MgN8YRJl3ldSRhJQ4oaF3hc++LtKVDEKjQH3QVXoK6Ilj2rWodSxgN8ofQIdn7UWhNTZkMNMb/RCLPaLvA6s5R5A+6FzLTd+syYRvYt7IakC+SIdtZpysiPnfZHJe2k52NkQ3AufZBi6LFYp9JKZixqpiAP4jTug3KuGSjJAPOEkxuCt3nap1pkN8Hw4etnkwP0aRULRZEzA5QVkN1QopfwMaxNX1ui3y1HwISw8fZGOT58ySolBjJlhbTXU9HRZPK12HrLdYCnMiYht8xR7qGJiZtUgcoFp2knzOrE67ZBCw9dYjOD+8blPcuCw7LW1IWUCzlE8hRxYQQtsyCC2uWscRtRbMRT0aQQTnQ+GkGbpKZEmZaVZISo8aOW5ksIsPwOXOloMxAUcIqRlSrRqwry7mePqJJTaRR1X/bGfCjlES1X9bxLJTgST3kdxi63ld6ZKCpFm6QDMIbF4HPurFVmbS2cDrWOYzszD6TSLbV2RFSYwbZeBTLV0yOsajDlEy1yLYlvykV+QIZXtWjqgWNTaVFIenbRE/opP8Qg076HWVfaW8bdKSp57parAA1inC9Jjdoxod97RIMtaV2QMU5uIoCZsgkNK1+MYrHoEBXxaCuYCpVQgs/OLPYrfKTLlgoJIQly3ARGu3Z5VutRlSAJaUSypa1HqoDsFHU101Y1EP2O1pShKeqWAD72o+UJkV8ICasY2fsJmXngC8JM6fV9wmef2xpk3Z1ZH54/O+2Mp2ekGZemEEj8dPLg1oJkaheVxugGWqbi5mBkVsCk0ifY9i5ScKukc5nLOCs+4kFBAKXbcIq127MWkfnMZBLtjOXjSCF53AoIJSheWeM++AuASsLXPs/0SSDgLxPk3bLW6F4SAzga7nbSM36CYjt9LhGZJVTTWkFNj79TKnFCz1JpAc5JUKJJ4Vbwi6wSlByXYhkzKORRfc0+UkJSEpAAGQAYeAhMxZGbZR3HuyhvhGSi7YKt1rCbRZifX6SX85IWPNAEZ7tRYuinrScncfumoMWb0mBSJEmagsqXPCgeIBbzAhO0tkTbrLJtkksoCo+Sc0nilX0wMsP8AjUjRpMu3I4+pn9nQAp6QcsK3Iwh1EgJHPKB5updGi3bIXIBM6VdcIpwOXvrzjK2ptJHpyk8cHJntu7T0Vkl2YNimEYm3JYnxUR4GLxZyyQNwbwEZFe9u+GXmnDVHSplp3YUqqe/rK741Yqzj05x2QjE8BNzlKTCBmwHv65UThifCR2qZ/aIkomQ5bLUJaDMUoBKQSonSIpPsPdFZXc8oADpRHTdcr9c3hAuy3gucnFLkqUHIozDhnuiR0E/9SfEQknli2misdklaZHvq6rOJSiueAOLMYoyEWQGi4tW0t3z50lSDJUAA7gjSKTZtn1KqrGBXURXG3VyOpdmCNpygzWlqJdFeNS4pnkIsNjsZ6NGHo2wJIeWHqAalopW0NmVKm4XI6goa5k+6DVll9RGfZT7BxirjaFrkmbAST+GH3TLR/TMjb0vGN7ITEpvTqgvinO+tFA6d8aVN2jSlWEpJ5QGyMkw+Jqt8KM474BTdo5QSFJSo76Vc6QmXtNLV6qgDwhUr7Ct0DfSFepwps4IY9dbbh2R417hFOuuxzLRMEqWHJd3LAADtE6bu+Jt6rEyYuapXaJNfIDkABFp9HN39EmZOUPzpCUuM0pJrXQkt3CPSlPwcNIxwh4uRyYS2DvaYtEyzzgRNkEA4u0Ul2fiGI8Is3SDwgBa7aiXN6QABZRhKtSBUA72L/cwTs1sByaPLm7dm9KkBfSI3wGZTJSD5t9MVj0Z7QBJNkmdmYSZb5YtUd/t5xbNt1BVhn/ug+CgfojGC4DhwQXBFCCNQdI0YYLJjcScpbJWanedgWiZgAcKPUIDnlz/vD2114fA7FgSWmzerTOvbUOQo/EQMuHb9Js+K0KAmyizetMegUnjod2esUm/b4m2qYZs0gnJIHZSkOwTw4xl0uiUcjbNep1ksmNRC/o4s+O2pLFpaVK8sI/q8o1hauEZ96K5NJ83UqSgfwjEf6h4Rd7Va0oSSpQSOJi2aScrZHHF0kiSmbQxRNqbzmW20Cx2dylBOMg9VRFCSfipqOfdDt83vMW0uzLS61MVj1EsXLZ4sgB/eLBsvdEuQjDLB+UonrKbU978I7HNQ8y69gTxt+Vmd3TbZ8qZ0SVmWSplA7wWIrrF+EpTf6ou3D3RRNsE4bdP/AHgfnJB+2LLYLBKmS0LCVB5b9o56t3uItrapZfXqR0lpvH6Ava212mWSmXaCpJTXJ/GKRJtc4sCvfrF6vSwSkzJAKaLoSTwpDkrZaQGQpPWDE8ifdGLxoRSNyiYztIpfTdZTnANeJiy2eiEh/VHsiL6SrtTIteBHZMpKuTqXTyg1Z7vRgT1j2R7IvuTimCK5ZC2Mm/8Ayqid8/PmYvUxQXMUYomzdne8VHJ+m9pjQZNlwuUmpgSRId6NIl5HOBV4TQlGFOaj7KwbCV4WzLuaRW7yWVTDuDgd2Z9saNJjTyW+iMmryNY6XVgychSjhGZoBx0jZrJZCiUiX8VIDbiBm+sULYO6DNn9OpH4uUQRUVVpT5OfNo0W1WgMWDncYbXZFOaUewujxuEOe5T9tLMopQsN1FOpneqVJyyzIhV0WgkE90Lt1oxBScAAVmBpxrAe6bQRm+ekY2qNifAc2tmNYp7F+o3iQIyM5NGjbXW0GxzMGXVB+eIzXE+dKRr0lKLM+ZWxCkVeFBRCXGYhTaRx2zyMaUTp0aF6O5zWXdiWs82p9ERL8vTpeqBQEtQufs5cHOQMjZGRgsklQyUpf9ahEaZdCMZCic8tDuruzpxjycsbl+h6WGSXPfsK2Rk9ZU1Y6qSCAACavXTnGhWK0fFSyd5NTuy0irXbKwIUN5OXCkWKxKCQM1AjNmg1Qk5bnZUPSZd2GbLngfnE4VfvJyJ5j+mAV3InTE4Jc1Qw5AZByS/jGibXWTp7Isap64pXq5gcw474z3Z23CXODZHql865a743wl4uBx7owyWzNGSHp9z2pZTjmElPZ4RJTctsUVKM5WJhXlB2fbwFO9BuEPrvMdUjWPOqR6G9GLbdWRcu04ZqsSujBc7iV08jBGTa14U9Y5DThDvpQOK2YtOgQP8AcvhHZSOqKaCNC+VWdB88CNlLS9ufd0g7gY0iTaU5MIy7Y9jbzyme2NNkgbnrQ/RCyRITbbb0UtUygYfYKc4pKUpnTE9ZQC1hIUskAYizskZCLbtEn8QphqnPIVDkxVkhJKesvMVdTtvSlJDRt08PIzHmlU0a9cdzyrFLUiUkkE4i6iVZAUBDZDKGrwvcLScGGo1BxDTc0H5MtJQMJxBgQSX4guYqt5ygmYQQ0ecuW7NbICjDabKmWnq5PWrkPUVOgh2gVUsnWleJ8IL2uSJiQqWQtLaFi27hDM5Mp+2Fp/IynOqa7+sNIzvFGhbZ2RabMsjrIdL0qllCh3HSM9SY0YOgk1yOS3z3eWkNzTHSYaxOQkByogDmS0XcuOSaXPBpOyVuCLFLlrBLgq5YiVa84KW+zY0iYnNoEyLWUy5csyKpQlLuKsAHgndtqmAFkJA4knyjDVs1PgRKnuHGYoecELDeiZVVTGTqgjzfSBsiUhAIDl1KUX3qLn2xOsN2GcodR0vU6QJJAQaVbUzpZThOBaSHCkgkENR1AxlV9XV8GnBOEsXMtYIIUAWclL13iNitRk2aUVLIQkD+ItoMiVd8Y1ftsVaFrmLWvM9GlVUpS7h1BiCNTXSpjRpFJW0uCGfb0vkuNkwqlhe8AtzhZmADIwL2dLWeWCTrq/rFu6CNN8SkqbRWNtIzjbsKNqWWJQmSjERkHK2eurQRmy5SWAD9VPra4Q/m8BvSBNKbaSlRS8lILOKHE4pmDuh4cIWV0MO+jWSFXiQdUTTXmGfjGjzpZTQMwMZnsDMa8FOWGGbXvEabYTMmHCEGvrGgbf7IafHIvLlSETbMJktSSBUN7vOKNLUUqUg9tKmXXUZpHARq8q6qVI7vfFZ2j2WDLnS3xZkDX7WjsGsjCai31Dm0c5QbXUnbDbVJlgWeesJA/NqOQ0wHhuJ90XO97D0qApLYhkdDwjP/AEdXDLnlc+akFKFBKUmoUWxFSt7OKRqCEAZAAAMwy8BB1WxZPL/JLApbKkYre98zSpaCcAyCclN8p9TziLct8zJLIIMyWMsKsMxD/qzqPkmnLW7bfXClR6UJSUnOmSuLVY+2M0myDKmJCnYEFWRLEu4IMWx5seWO2qoEsE8fnu7/APUG9rb0SqzgS55X0ihiQsMpIT1us3ECKb0xGnNoIWhLr6OXiKzRIAfHuwgO4ixXdsBNWMVpWmV8lIxK7z2QfGJZc2LBHzSKY8c8r6FL6QcfOF2eYgLQouQFpJAFSxGXGNJT6P7J2MU1R340/QmIVq9G+AiZIn1SQoJmgZio6wp/tjLH6Swye1su9LNclgVbbIlJUAtQGalDCBzKmipX1tWVjo7OgpQ9VA9ZfeWZI84AX38JC8NpCwrNIXl+8gDqtxEO3XZFTS5cjL94/FDRsi8cI+I3wR8OeSWxIt2ylpmzgyklyQEO2I7+7jzi92u2y7BZ8awVEnIak6cBxiHsbdaJLKWQFkMkNRI3A5Ofu8Wm0IC0lCk4gQxByIMZvGWSW5rgpkxeGtsWYnf18zbUvHMNA+BIySDoPfrAeyyJk1QRLDn1juHytzecFNp7qm2aeuWUnAS8snIpOVd+h1eLXsncCUpxqAxqHWbLlWPQ1WrhixpQ79DLpNHPJJufYVJkBICUigAA7oX0Q3QcTd8sZu26Hxd0jT2x50Mil0NWWDx9TBPSQB8NUP8Ahodv4ofS7Q56WpCU3goIy6KX/wCUNhXA+EUfYSxOyg/LFH5MyneI1640ESyp88uA3RkGyP8AqiXcYFtvzGfGNGsl84U4Pi08Iyapu+DbocalNsudjtQKYiXnbEhJrFKtl6rQHSc9Irtu2hnKLRljjnNUj0HGEHbDNl2jXY5xwdaQtbqQMwTmpPhkaRc7+2xRKkSVIUFG0ZMahCe0fFk+O6MtCQ3W7UcMxLYVJSrcTmlz6pBHujYnxTM2TAnNTRrdlt6J8ok9kitd8VW8rklLSxnpSoHqqIy51q8c2IndVcvMAg9394jWq4xOtS8SlYEAOkFnKiQPIHxEYlPw5W3VGqUIuLVcMsezdxy5SekQErWvtTE0cbk1oPb4QdACnejaf2gAm9USyJCHDJPq9kJDkNvAY184nWC+JZTQlSiHAbPqlT1ycOTGDLLJOTlKyCUYqkT1pCAwZz93MRBNPaOY8IF2i/ZRDuouElwM8YdIG6mhjthviXhUescIUT1SKBnPnB8OUVbRyabJO00mRNktOQSBXqjrJ3qS1RAiwXrYQtEqzoS4qKVB5msEF31LGRJqHBHlyz4QItYlzJsm0ymzwFm7JJY8OsP90aMUpRjtl07D49u7gI7X3oZUgkUJoG05QX2b2vRNsHwmcoJVKBTNf4ydQPlUIbUtFX22tASmUSkK62SsjTUCKXel8manAEplocHCh2JGRLnieUehpkttkdVHc0gjeW00y22lMyaSJaCejl6J4lvWO+L5dN7Iw5iMfVTLOJdht00UxFobNjc3aHwSjCOxmwC80qVhDUgVtArCoKSSMTuAdRr3/RFbst5hIoaw6u3dJq7e0xngpJh1kIeFZQtupxNpJNeqkcYmiYYH7bo/KHZ3SnlkfOCGGN9XFHjkfYkvaafq1+1MWG+8UtYUDRXtEV/YKZhtOh/FLp3p84u15yUzpZQQAcwRoRCZK38hhleOdorU+8CdIasanJJiGUBKilSmIzBBcfR5xxVqAomm8nM/QIrHTqutGuWsXWrJNrJft8gc+8vQRBE1QIxAgkBQG8HIjeIl3bdqp6mfCgHrL0bh8Yxcr6uiRNly0ihlhklJqzAd4plDzjBLgjHPK7kD/R/eYTPKVesA3jFzSAidOJ9bCe7L6IoNiuFUqYlaZgLGoYgt79R3Rb5NoM4vRMxKSlaXzGYKR99Y8bW49/y9z1NNlWSH7BuZOl9pkneTwAoeDGOWeck9ZkuoNkHCTp35n7IA2menBgViAcjPPItuI4UOkNotASWcadk5vuGblso8vJp3ufJVU10LRMWgmiUlR5eJO5tYgzZiHUkgEKDKozvm/CI1lnYUl+0c+W6n38oHy1YlrdTAEZM/nR/GI47d2+g3hpE9U2WVAYUk7qVAZw3IADnCbXPSsoAo60thHHF9EBLzvISUkhPWqAcydcRJySB3UiNdl8DCFDrTSSEJfsvmpXCN+LBKVS5oVbd1CPSVahiloByfX7/cGKYhCiAr1SSAdCQz5bnEXG02CVNmBawV4QzEkA1KiS1S5JOe6Jl5WWTMkiUwQ1UkAAJPIaaN9Me5papI8rU5d02kUuyKSOZ3n2PpHZqilTpyj1osqkEgpfimo8ojGe1Ae4+4xrcIt2ShnnFUycLc43Qfu9BEsHIkP474B3HYzMWJikjo0kH946APpvblFrVagfVTGPKox4R2XUSmqKBtZOItJHyUtzY+cEyP3YEbZqCrWWDdVGUFcPOK9IoldEPYwEWhzl0SmJy7SaUi/k0cqTwD19kZ7sRMUq0EJAbo1U0zTF3Sk0yiGf5hJCbXY5c4DEA+imIPJxpEJN0yElmTifUHxq4aCqQTy5UhqbKcVSzaj6IWGRrqGMqGDd68khR5EN5erBCwXZNA6ySBziHYpikkpOL2DxMHrLZkLTiVNUpIDkknAG0EaY8lJcoHLQ1CKxBtzjCsEoUk9VebV7J+THRbkzJyygtKwFSKt1EYU9IQckrJU3BL6xL6LFRnBpXI+MZJwcZUdiyPFK0A7TalBATMUSsKLKdwcurw0aE/hNQAHrCofP7kU8M4J3hccoSwgkpUFKILvhcJZvk8OeVYr9pu6eg0T0qRkUV8sx5wZQjI0w1KDKb2mluqkP8ALP1Y6i8mxYlByoktQGrBnqzACK4m0zPiLfcUl/ZD0myz5jDCUp3rp3tn5RH4WC7cGh6ql1Jd6WvpGSipVvf1SGDa5mkP3LKThxsyi+InP90cM3iZdd3ol/KUAesR44YkrIJ7Nd8P5VHajJPUybddzsmWSWcd27V4ZttiWVZFuHlnD9htKQtaMZStLOMLkpIdwNzvXhwh+bMPqzZqTuVKLeUasMNsee5CPqDUWQDX5yR3lxHChJrhDDKkKnrWe1Ub2Ifgx0hLuMj4iOnKgyl2HwfvwjiuOUNYgdD9EKQknIuBGcnRRtrlPajwCPYIMKG/6YEbTF7Wp6din8Ig1TQe2Nd1FfsMkgVsM4nls+jVnzT51EaIopHEtTTur3xnWxcp7QRUjojT+JNfZF2I4HKgKnO7KIahecDJCp2leXlrHi4zJAOkMs1SWpk4z4+cIVNYPoM39geI7RQPe0ubJSbUVhawvskEowKYBOEmhFK84K2e7bZbQnHNlpsxAIEsKIUOIKQkjgpQG8GFzVpUk42UnCXBy3tyaM9tE6ZNASVHAl8KPVAJJyFCzmNWFtqmOmbNNu2SizvKwqwKKipwtS19lQXM7LkdQpGQLDSK1JtWNUxJNUTFJBBcKAUQkuNSGcb4o92XxOko6OWRhC8SXALFmxANmMw7jVnrDlxTVJnysOeJmOoNCC/DWHljtcnMvtpUVISHJGoI95y+2GUg6fZ3Q9eAAw4W7J6pyFBxy74HJnECmbZZ5Vyy36xkknYqJjkDMHhrvrwji1NuP3ffDCp6HDJA4+NX5NSE9IFDTjwhNr7hHptobTw9kRrfasKUpCsK5ighNRqe1yAqY6bUMO8E508qRTb5t2KcWdSUHCkHUCivEuX5RXHjtnGkXts8J6EKkzAm0Sw0uYlfaGqVDUGtQ/e5EDpNotaTgtNhmlQ9eUkMWzJJOFm3mBN3+kBUpAl/B+kIoFLmHLcQMyKZM8Jtm20ybLXKVZ5IxlNQVsAFAmhJdwCM9co2Ux7ClntnTJSsdUKAKUnQHTSvKHgvQADcwiKlYwpCBQAADTKjNzhlVpYncaee7wjI1bJk1U8jf4e+HAsFvogYF5Kq+58i/sh5doFHf3+Vd3fB2nFQ2kWPhSgK9j2CD4SN/sivX4j8rVSjofwTFpRhAz84tk4iikGAtkZzTiT+rLOPlJLU4xbkrVm7cNz7vfFN2OWTOPCWo15o150i3zV0pmMzRq7xnk2sTzfMIx2hqr2/a+UMrmsMqbncV++sNqmOOD5Gu7wrEeZOwqLAtk2vOu8xJIA9aihaVJKSKNQnLI8g3tip2mUETVIBdINDk+TvyMH7TO6pLClMyB1tTrnpwitTJKkqdS3Jqd55xqwp9QoUpqEQc2fkiS01dVKS4GgBBoW1yMC7MlOJIU4chiMuZEHrFZFTFFKOsQCaEPTn7BDZGzmT7dPBIWTQg017wMhl5xGC8KjhZmINM9QQzMI7bZIThCiSoBiGoGJcZ05cYjrmjfXhuZvv9MZ5LkCHp6wNf4fPUQ6qcCGSwWf9u/x3xD6V82PGlHruhrEDlRnO6hMLtCTphYDKtaeA4ZOfGKvfFjZZmo6yCXPDeeT68YNyVkpJdLUABZzuLd7wwubpQjI7q51h4WnZxWEIq/hEpCnKUtUmnPujlpSEzCBlmBwIdnjpdRSzdVtG76VjUuQ2HLuChLw1HabluiQhR1fJn36t5mEyF4k1794+mFSrMw1I+/2eMZ5dRWOdHoxbRj99GhJB0WA2/wAodIYMASCw73qeTwyVq0SCXI+/kICYUV+9P9SsFs0exMWRLbx4/bFXvL/UHiZf9KS0WVctT5eUUn0RzoG7I2NSp1aOhW6oJTFrtEhSaPkAe77jzivbMSVGoBSnCa5hzhzYQZ6VZyqSGfUtzJ0iWVeYD6nAmWxcqpuA738R5wq1WZJDoU5J7JBBG/hk8MKnswNXFMxxOXOES1dYmrbiKPyyyfjAicQL2lTCEpSl8JqHDvvHBqVrEH8FzCzgAl26w01pRj9HjZFpyUVDWgOY/tXvjyLGr84QTKFSoMTViw+UWZooptcHbgRZrlwqdausM9wfc9cmDwQs1iCwQV4d7gkDLMVOfshfT41Fafj0cDCnUgmh+53ROsZUJiFIZSauHbEKO3gc+Mdd9QWRb6k1ScRUAAxLB2G59++IBlFnOpyB5kZv/eCN7WMBWJIVhyAOQO7URBSgjPd1R7m74VvkZDYlhuqfLlU7qA05RxErR+ZPDdTuhaVVLir0qxfI50agzh9EvIs3HIAUbEKPnkM67ngWEhKkk66D2EedY8JYyIO/3tEvoylgeySCGBcgFyw4wjoc3O9g+eTacfvSOsAMn3Slb9pKqB9+48t3fA83fMSX03+VYs2BNQDWjvr7Q4eGloCi2IO7CugL1PMt74dTZxBsiFZqTod2mvhE1IIw4SAFVzbm4d9DWHJSmFO0Q7Cueddd3cIWhCa5mmY7W413DKFcrdnCEII0AAzD0J36BoeAT1Us5Aqdz5NvLQiaWLuQHyFQX3ffSHJCxlMCgADUCofRvDQ84D6WdyVi9JaBas1FWNHVIYZJasWadJUVFlUdvCkVq2pC7UtRcJxJYkaJSkangIsOFIpjPzR9aGyR3JDJpdRjZm+ZL9GlJPVUSSWAqkaUb77oIzZ6HGFOYAqTn4Nr5xRtm2TOdZTVJZ1AVcGpelN8WRVol0ZctJGoUO9vCDPrQK7haeqWoJYEEJepcKOqWAhSVylAEM40CQAdMydHOVKb8hUlaT66Mz648yTx0gnbrHJk9G1pkzCrNKVVBI1Lt7IS210FpHLPbQFFk4gcqsM+0wFSWy3ZM0NqtYUnPCCzABID5A4QAl2184ZkrCkEO+EYkhw7uBVzxjiEoq5SQ5HarQO77j74VyYdo46VIxKBffXJmcgHMkHPcYXKWlKnSSCM3Jep9lTpDC5aathfmOYBjyA9XAL5vQ039/nHJs6kErZbkKNDhFG7RAOTl+/m0MMAkKJBB7JBqNCGPrcOW+GESOqeyQRR1c6gUfXWF2eYgkYqJqWfPCKcM2EBnWdBBBSkO7OWByIZ+/2GOWcCoPACrValRw135QmYgJqnsvViBXPXVgMo7KnoIcKOdXYtubn74HKGuzuFBKRjy10ANVEDe2sdmYE9UFwWLtmNacwfKGZoBzDju3VAAzrCCAlIzOThy3Fu9+HjDWK0PSpaSAAasW4YvCtIjpsodNa5AgZtRyTVqfZDwmAs6QKZ7nZ2fefZCTNICg1HFXpvLUzbc+cd/IbYjokpKlPgGEODh3hwDnmHYHvhySlYKWCSlJoQ5cgvXCWbJ9KxHl2hicZoT2Qz03E5U+mHU2opAWmgxO1TlUMw+9YLCKQhSXUUqYt1nfKrP3DPjDYQoHtMNTSjFnpnCzbakqUcWZw6PWu6O26d11AoArx9UMH7vMmO57gbK1bJkz4QplEJM1IcFnbD5ZRYlDcYq9otP5SAku81HI1FPoiz9Afi+MUyUqsDsJH0NK/a0/yT/wCyEH0NL/a0/wAo/Xj0ej4dfTut/EvZf9HoLBD0E/5Nr/a0fyj9aEH0OTP2tH8s/Wj0ejl9P638S9kH4eA5ZvRJOSS1ql9ZJSeoqoPf390Mn0Ozv2mV81Uej0M/p7Wr7y9kD4eFnB6H5/7RJ+av3Qk+h+0ftEnwV9WPR6G+v9Yu69gfDwPf5P2nSfI/3/Vjg9D9q/XyP9/1Y7HoT7Ra31XsN8NAVK9E9rSXE+z5MQymI3EYYbX6H7VmJ0kDc66d+GPR6GX+Q6z1XsD4eAj/ACftf66R4r+rCf8AKG2D/wC2R85X1Y7HoP2h1n6ex3w0DyvRJbtJsn56/qwn/KW3/rJHz1fUjsehl/kGr/19jvhoCD6Jbw+PI+er6kePonvD48n+Yr6sej0N9oNX/r7f2D4eA5ZvRXb0rSSZRSFDE0wuQC59WET/AEWXiSetKIc5zDr3R6PQfr/VV0j7f2FaaA2n0V3gC7ST/wBQ+1o7/lteg9ZP84x6PQ31/qvSPt/YJaeCP//Z",4,4,4,4,4,4,4,4,4,4,4,4,4,4,4,4,4,4,4,4,4,4,4,4,4,4,4,4,4,4,4,4,4,4,4,4,4,4,4,4
Juanito,Real Madrid,https://www.realmadrid.com/cs/Satellite?blobcol=urldata&blobheader=image%2Fjpeg&blobkey=id&blobtable=MungoBlobs&blobwhere=1203339998168&ssbinary=true,4,8,13,13,29,33,33,33,33,33,33,33,33,33,33,33,33,33,33,33,33,33,33,33,33,33,33,33,33,33,33,33,33,33,33,33,33,33,33,33
Fernando Morena,Valencia CF,https://upload.wikimedia.org/wikipedia/commons/3/3e/Morena_vs_independiente.jpg,4,4,4,4,4,4,4,4,4,4,4,4,4,4,4,4,4,4,4,4,4,4,4,4,4,4,4,4,4,4,4,4,4,4,4,4,4,4,4,4
Yiyi,Sevilla FC,"data:image/jpeg;base64,/9j/4AAQSkZJRgABAQAAAQABAAD/2wCEAAkGBxMTEhUTExMVFhUXGBkaGRgYGBsgGxsfGxgfHxoYHRodHyggGB4lHRkYITElJSkrLy4uGSAzODMtNygtLisBCgoKBQUFDgUFDisZExkrKysrKysrKysrKysrKysrKysrKysrKysrKysrKysrKysrKysrKysrKysrKysrKysrK//AABEIAQgAvwMBIgACEQEDEQH/xAAcAAABBQEBAQAAAAAAAAAAAAAEAgMFBgcBAAj/xABDEAACAQIEAwYDBwMCBAUFAQABAhEDIQAEEjEFQVEGEyJhcYEykaEUI0KxwdHwB1LxcuEzYoKSFiQ0Q2NTc6Ky0hX/xAAUAQEAAAAAAAAAAAAAAAAAAAAA/8QAFBEBAAAAAAAAAAAAAAAAAAAAAP/aAAwDAQACEQMRAD8AIz/YRGK0kzQVqFL7xQCC5YGHI1QXUkAi0iNpxV//AAuqgM0mp3jAUjq0zT0l1JJ1NqBFxfpjSzRJq6xqaoWqLVIVFKAtGsmfEFIABi46YY4lTDPFNag0Gp3ZdhGsQsKpgkvqIBuRGAq79kaRdB4QnfgAyVIOoBl1EEMBqQ3k+Bhzw1mv6fin3gDLWU0kqIwceHUWDCRAI1KI6hvLEu/B3OY7lq1bukrMSe7AVe8pl/C6gh3DaTpMRBI2wH2w4p9lqUGyz6SykM7oCNKtHITEh7CYB5TgIriPZXuc1RRioRdDOFlwWZ47sgQRZb3uGxPZLsZkqwqMDTinVUmHaNJYzTUloAbbmQVGOZLjn3bfanpoUcGmQdREwNes7nwswWZ0t7Yn+yGapMiaDUZRq8WlTTcIwRRZYBMK1uc4Cv8AEOy+VYA06ZoxTRqhBYrJbSNDEeIlhHlqBwHmuxFNqdQU1U1O7VmbXZZtqF+smIvFsXHiprPQNAUKlWlp7wgUijMdfeBLwBeAYg735YrnDGRl7rMq2XL6VSmoLMQxeF1bFVR1Ik7g8xgGMl2aoqr0wi1ZZSsnUyqw0MpEcnWNW5v0OH+F/wBNqbVxUqkLRDBDThgS6kqCp2ZDA+flixZeiMr3dSiKlc0qSqCwRdasw5BQdQuQTMyR6w3DEqJm87Wer4EeoKZakxSBNRmUTpSX8O+4PXAQfF+C5WnVNAmWhiEps8RqikrA7ORpLTafUYl6fYymEr91qSoaeqEefuiD47jTLaWsB+Llia7MKtEV6z1KrNV1VGWpSEopJKLPkCsDVB0gjEEKJXiNQo/xhPFWDECaZVqZAkQWIa/nG84CvZfsHnFZqlGqjlaQqKoJFQGxKMttPhkSTNx7EcK7H1c9RJaqlqZdWJghn8QkmWKaY3uNXPFh4lx/M+HKzapSGqrohJYENqCiRpgQARqm2xwbw/LE0GyojxA09YptqAJ1JLLEqIcW5AdcBT83w2kuX/8AL6ytNnLhwkg03Vf7tRUMxP8A0+eIHhXBnzWZ0ub1dehogVDcgzBFoIJ2BXGt5Hg9PLanVlFOu7IwYToqOYJDMSzq0BY98d7U5NatNx3irSoqWfQvid4EgaPEhgRaCDgM94j2WXvXpVK5U02YKX03MqUQlRDkoxcldrA4f4b/AE6LopNZhrUsrMkLIM92Qx1WAYSJmOWLvWZalKnpopUKkFy4ClhqNNhNRfGWCteR8IM4kopKaRDUaaXHi+LUzyQsGFOnvPQx0wFDyfYAGhU1o+uKmh2ZO7ARoBkMIUrzv9cMcH7LladMuyHUxgOFIVYlWBJHxapO/pi5U+D6tC95TNLKp3VaC8kkhnLSQGUjneI9sLzmSFVKlA06Aemj+GmdKqGtQUk+HWQInb54CocQ7FB3pPTee9QOy6NTDSDIAUeIGPniN7IdmalZ6qkhGE/dsfExk+DTMpCgT1nGkE1wDTpslPukRVvJFQN4VII8StqjexBE4jKnDqy1g9Cjor6lZxrUCprWGOxAdRDbRLAHAVbiPYvMkVKX2cB6dQaawB8YeYawPhB3vIlcL4f2UZcz3SU6dQrTWdUjUWLeLVBtY7b2xqpzB0zofULmWWA5MaCxIBILRA8sKp5E0mV1WRDFhJLFmIMAk/CPFY7RaMBUuzPE6NWkkhCArpV1HxNEgFSLBiXJI6OuCs2uToslWu1EuzGCGISJIR3liLMoUkTuYGICpwNKbUiMyi6K8AFV022EvMWQpaZOkyCcTPEczl+6qsFpsX7phqU6EVhPhsQCJMwBuJ54BdHK0zqFWnSqVt3KN4mbW10JNhpZQB/zMMQ3G3pPVo5ckUfuh3hABejrgKUkwuqTO8acTqZxajVEpGmgUikG7vUuooRdrWGklsZz2U4jU77ukcPQ1UtRYTdX0wWPPxDn+EdMAteHkkZB1BqVKhLV2YaSlNnbvFKk6TpL3Axon2CnlqpqvXQoC1UUpktqpkaZIudYYj8sQ/Z3IUqeZ+0l9aA1PCVJCtmHLNcgT4SvK2w3xOZ1h4aVZ5qD7x4pFpVPF3eqN/EGjfcYCE4b2uaqk1u+V6VV3qhmAIVUuALXBdQAOk4qXDqVbMd0pZWZHqEa6mnSaY1K52UsO8MiwIC7YuHaTg1CvVaoc0lOmyLS004ZtIKkCPwtrUAncg72GEcKp08vmUalTarldbItVlt3jlVdUX4nEKw1Hna+AmclwZ6pSjUrAGgIVqcHWjpdWsCvihhB/D8wuIV0pqKdUFaBDmr49QMv4WLGSYCsSDcxgfiGWd6qVKdZsuxBUgUmVmaLKwtACqeW+JYZGjXpFj3ChKvgZqYBB7wMhixUkFrETJnAQeQ7W09beKpRVFdu7nakqrpN/jYypUcgxEWx3NdnmrJQq5VROuhUZjUX4SHuaRATWAysDafngnN6c9U1JpR6WoU0YBTLKNLkLd1YgkAyINxbCslkVWia32lVpq5/4YIB0lh3W4AWFkHkZtG4M5zhtZjprsTf7xkYBGanpZAt7NJsCBcEdDh/N8Vr5RKlRmdKcfdgpq1gU7MCDYBmDEGCApxm/aL+oFTuTRypamHdjUqTqZpYmBPwiTvv0gYp+X4jUYy1WqTv4nc8r7m25GA3PsO2YzRObzJHcaapVpiAHBVipmFhQRf8JxzhPA6aDMZipTcfeky2kpUFUy1RBBIT70nz0Dpij9lOM95qyzVdPfRZzCEKtkt8MEA25Ajni71eO5cI1Fq+XZhTKa1r0wLqSUBkFZMptYTfoEk+VSuj0jmXzDUkeGUoINRTF4hdtI8iww3wrgFKmi0RFUVKS6650lZBBAHIgy4kGYI3N8VrsfxenTFRsxXy1SvUP/FGYpABLFk06thB0gdcS+bzmUcIiZjL06DBBU05mlJALFrFjEHSZFzffAHdyMigcsQuupopABWZRqJUgDS53O0/DviYyC0u+rOKzVXSO8p2MSAVWQL6ZG3Qze+Klm69V6J7zO0KvhEL9ppqsjXBUqw6qORMjpGLDwLhiUaYq/dPrpqWqip4qmhmNwPCfwgkHrOAQeKUqOYeiDUqVUCsZ0Mza6ikoAWBEArDGFE8owdm6E96qVQtXWbhFJUvpK+chSP98C0Mun2ha1OkPtC0EpuysSq3JRGSSDF5IJaI8sEDMHQlekK1QtpDCIYszgeIlgFC6j4QMAnP8OFXLEK4aoolCwaTUE+IE3Oog9cM0+JgFEqUWUaFbSzjvKjERr0kidIBDSbFhiap0j3pbQVphQ0kyWLEtpiZXSWPrJHLA3EeGd9Vo1SrqyayPGAfENJX0tqwFQXhlOnRqFGrMS6qpd4NRQ4cuhEd2bMTF7YCz+U15hiVde9XvC2kgLqAWCfh7xbkmSLnFr4v25y9KtSp1YNGsmunmAQabEGCvPruOoxCU+zOVbN0sylPX3iVWmogCgMT4tEAkjvGudxttgGqVOrS7oIyd9Urh5VCyCU0sx0mZCja9mHM4peW4JxDQyrQzIUhiQqFfECCpAIi5/LfFjz+Yoiqrp3mlKoOimy91opuuo6jvBjwyRJt1xfctx1cx9jrUIKvqZpXxIhUgm58PiWNjN4wFbpcWZKS02y9SO7SRWpHS2imJkgeIgqQBuRNowij2g76rTKpUp0qlVQ66DFMKv4o+ANC3PIYl+0PHqEtV0M2mjWUgr4hDLq8EEkQVI8jznGV5XKkOW+zEVNLsrBgtKqiyjAI06XBnwA8r6BgL9xGqKRXu0q0svA1BUlFZqlQ2phSbnfrqXEHT45m6ObFOO8TLh2pSlSmK5AN7k+KahHQlfTFv4VximaNSjXzNEspDGpq8JDEkARbwsQu/L5yH/8Aq5Zln7RQOkEh+9WF1EiQZiSLAWMjAUyv2pqZjMUc59kq00pqUdQ0li06G02lVljJWemJPtL2ld6hoUqLFnhVqLujzAqaisDTLGSCLDExw3jSVCHZhTqurgguCQKUyWIPhXxBgfMWwTmO02XSiDULVAaq0SwW01ASJLQNOi5wFByHZ9qLGonfd8dL0/EpDFWlQb+EEs6sJHtOE9t89Uy+TzlGpTUKzUzRqbSKhl9IAmdXebkEAx540HgfaahXrVcvZdN6Un/i0xu6ggWnpNoOKV/WvXU4fQFJAqq/e1UkakXSVVmG+mXPucBi/C01kyJ2ti8cK7Emqyv4BTI3Bkk/pisdmMkah0ir3TarH9N7YvfZjJVdWboDNVPCE0Pbwvq8R+GDtG2AhONdn6nD81QzAqA0lzFLS34h4gSDp3EAi24xcOGdqMvTcFxXULVZmH2Y/fnQqisxiVurefivucRHbjhNZcpSR69SvVNZYBgn4WkLpAnrtOIGpw7i4qNSWvmC4pmppWtUNpICD/5LHw7wMBd+2ueypoVcrTdqjxRZHSmzKvdENGtRF11yZ6DBub7dcPLDQSF1ISTlnkjUNUnTeACB/qAxTc7wDjKU2qLmMwQqqWQ1agq3Hi00xOpVaVsZ8sCHI8S+2LljnsyUhWNdWqBQrIWDAORImVJ2GAt9TtLwsOzagCcwawP2Z9jQ7rRGi/JjyJJODOzHGqa8ONNNdfTrWnqXSWAraVQgiFZwUgfiJi2KMOB8WfKNm6maqeCkKy0hWZqoUnwuae6iATM7Y9QbM5LXUdu9qVKQLPqLEjwspOqDuyiR0nkMBotHjtRyDTytRCaSkMEDBKykpNQr+JCQCt/ra15VFWmuX+N10hzMeK76uUjWp2xT+yXakvQzFavllppo71ihIapUBEiCABq1KEvJ0neMW/LZlXr1B4lOlGgrCFCtr76iZHlpjAco8UUkmooeWUSqsZDH7tunOPr0wNxfhuYqurpWWnqkWmdMkgKLgEwpJP8AaRzwVmuML3aEU38dUodOmQBM1ATaIUHr74kRWUMiFjJBIJ5xvJPO/wBDgPn7LZe1DvKLv9mLEU7gNPj1jfUFOmViGBG18aFwXNJmGRqaPTINQOpbwgGNRv8ACCRYCNM9LYjm44jU0ZaNJdAqEDQxakVE6S0XJMPawUjDNTNLSo16SGmFdRUNUglwZOubyQACJi+AP7TVaNXJijTC5ea60wQdLlNSoRqvpJJEk2Kr1OIbgjnL0mNWt3lOlUq6QY7z7rwaTBIZZZ4JgXtGJDivBftOXpZ3RSVwyahTUTKnSo3h11FXIJHwicB5rhzZPJVKdXOK/fl2qLpEKpqH7xDB0FibhvQWXAS78cyjQlU95UqJFWCQoLKNSqdgNKoDFtS7ziJ4tm8oM0VZXOqiGUln+IMWlVCkliGJ6GYPPBlJcoKdNCVGXzWXtWRdJQrGpVUzEiSDtdp6nh4VSyQaspapUoQiVWiWLOAFB3YaSAwtAJjeMAfwdQiUw1RUy1ZlOkNrYaU8LEaTpM01m8b85xHZ+gaOXFatVGaRpppTXwhWapqWtK7UxAIEfEY54kKXF1oVqwXIhsujuQ6lO8+81Biqn4kJ8AAvCzEYZ49lsxWCUVqFWlay0qBBTSroNKG4TTYkm0kGDgIbK9qqGXzFWotN2QEakEPCuNL6WE6ZbSYm+1jiYyHa+jXpIjUKirRfVppy3hAfSpJB1WkbiOtsR/aHgr6hUrFXiKdU0ru3dwwlAAe8O5BsIJGHR2rpCvSTK9yqsAEQAio8KCO8Z5BB8VoBgre9gcyGZp5mlUqUUFKsIpsAoKwDpdaepiFYKSRpN5MgwIlOO8KfOU6jOUBNKrSWGS1OAQQbFgGUn58jhVHKjMNUytHuKS06GllVAs1Q5COpF0gK2xJ8XTfvA1p91TTS1WmXioXswXRYXJ1CQfhInVeMBiXCToCtaQxk+hti39kHZaj1FIcudvtAEwZvT0z53OI/tXk1XM1xTpikoqNCDYAnlAFj8UcpxJdiaNViQFRUBMlgNRnpbl1nngLBxXimXTMUe/p1GKFKiMrMEptrALMVIJ8rx88WPMcWzIbxNTpNXZlopc66aSzuGEgVCGNyBt54K4HwtXqNCoQtJl8Qs2rYN/cJk+R9cFZD7SukZmgjNRDaK0qq7RbxGAVJF42E4CO4nxpRnKNImo1L4WdKba9asCS1Tdae02g9bYqXbCrSaiaWZFQZhO9cVEJKrTetApsCSHVkA57xYY5xztVU15SoUWkJIqKoIcMQGljJ1L4tQ/1Yl+1PCWzNBk73L+IoQQrGotNF73QSPEwMgx64BXEeIUgKlXL1TrzaqKn3RbTTan3dHSoPgTXcxzItiDzOZShnUo0qv34eSKlI1F7zSVRtWq6pSMAbmdsWSp2Np6zm1q0MvTWkulQhRVcQVqE64ANrR05jDnZjsrRzVOvmcwH76uaisdcaFRyi6YspimDI98BK5RK7UT36a6aT8IRi8AggC/gnSVIAI+eAuLVamW73u2VlSkmtW0hlXk4YkARLMd50wADujgRrfY1p1qfdOsnLgP8A8R+7MBoJ1AzqEW2BuMRX/hKrWzVWoM2gpt4SrMHVlanGkrYfErLHKDHXATXG0etlaWaU9w9ISiqNakOyhXUAAbEGYNm5TiXzdOoACdJLAAOTHxeJlgAaVBQR114gMxmTozdHWlRFp0qtMo1lpnwmnT0r4WHdmDtdTyODPtGYrpQrUg9EtSPhYahEqQ0SRJ1ee3LAUHtoalDiC5OnUepS0qausU5ioIqNqRVNOKcXnleRYwv9MarHiuWQsWRmqKQdmAoVCAV2iQDGNSzfdVQRU0vIg6tBkefhvHngbK5PK0mD00po6/CyCmCJsYYLOxIscATmMlVfNZmlSpuaSGnCU660UGqmrGV0EsSZM/tjvafJClkaCtTRJqolQNVAlfEQGzGiwkKZ09Bh0cTAJIqMCYkh7mOpAvbrjr8UUiDVcj/7h/a+AF7HZZKmYYipRKJSEU6ecOYMh/iPhXQoU6YuDOJLslwZKuXy+aqvWqVGUVCGqMULNv8Ad/CB5AdMCJnEBkVKgsB4Xj8l54UmfAECtVgf/If2wBGS4NTzNbOGo1SEr92qo5VQopU20wu93Y36452izi5SuGH2QIaMClVrrR0kMZqKultUgxy+HA6Z8D/3qvn94wJPUwN/PHXz6H4ndvNmY+11wAQLLw7I1FqU6RYK1XVWWg1Ud20AVSpJIJU+YGF9l6OWdsz90rPTpBtXfJXXxB7KyqNLeG46EYIqZ+m0BnqEdNZMW5SLYYGfXSEQsCzAGGIUiY+GBJMj64Af+m/Zd6KNWzOlnqMrqCAWpm8tq31NImOg54uuayiWsF5Ai3n+eI3g+c1LU6KASOYI1SPoMSLVNYIBkah+Un88BUe3fZUVAmaoiHWA43Bg2/afTERleHtRqBPwsCw6jy9ZxqEKQVMFSIIxWMxwep36oPh3D8gs8/MdOuAluydAimzERqa3WFtPz1Ym3UEEEAg7g7H2wmjTCqFGwEDCzgKj2s7GU8wKb0hoqUboospGmCkCyza/kOWIjPZd0yOXNJQlaqcspZEVWViSGZyB+Kw9QcaGrXxXeMVUWoVL1ARB8Jte4+RmOmAhs2xfOkBu8y75NqlNSAySoGkiRuCJ/wCrFV7PZ3MLmaVAuyo1RVdNgwkBlIjpY++L0mdpeGGcaRAi1um21hhKVcuGDQdQM6tKzMzMxM+eA92joFM1ladBFWQ0aVpzYcmdTpsMI4tWeiaCEBTUZmfUKMkqRpYto0Ai8GMSI4kv99T6YdXiCmPG59Y+uAEaoRTp1EemrFjqYmlLBbAB1XQCASNsH5Ct3lFaqswF90QHfyEfLCxnkNtTekCPywRTzKxEn6YDLUbr+WGazxyw5SY9PrhyoJGAZoVZsfyx2ohOGyPIfTDyPNrYBpcyRY4dLTfb5486A8hhlpFsArvCNxq9seBB8vTCBU6jCWQHYH5YBdTUNmkef+MdDkJq+E6t+e1j7G/thsIQOce2HqNcEFBf+5J8UHZgN5kSDtywEvwzjSBqwNmrFAByFiWI8pn2xaeGqCo+ceuMn4jR0vTZCILAS1gJtcbqfLri79meLA+DVqI/tBj/ALjafc4C6LRHTBFMxgbL1gwscP6rT64B9jYnyOI7L8Sc30oRz0sZk9ARiQBt5YjqeTYFrWWSvIEx4Y8oge2AMFQTI8vyxW+18CqhmCUvboTF/fBfD+PZbQNNVTYWF222iLYiO0HEe+ZSoAABF97n/bAR3ezsQfQ4UPQ++B/UfLChVXqQcAZTcdB9cPLUOA6bHkfph1XHPASNKp7exwblK5O/5jEXTfzPvgzKv6YCh95G58sEU6g5xgQsZsMKoZj8JwBNVwcDNX67+2CTU8vLDFangFDM+eF95PP6YBNH25/zrhxKkbzGAecYStU8/phSOpuInrfC9IJuPkTgHaOYH++KH26r/wDmwQYPdrBG4uefLF2qUjyE87nFB7f/APqVbrTG/UMwMYBPCOKV6mYoo1VmXVsTOyk778salw3KK7iVk8gVUife+Mw7AZLvMwzf/TQn0JMD9cavwp4Jkcres4C25ZAoVR/PPEqyQvtiD4XWBqARBi1jyxO1TywCstdBhPEH00ah6I35HC8vYDDHHKypl6rNsEMzte364DHspXKVnXoSMSeWqap8umI6iitUeudm+EeQET7xPvg3LiRIEXuP57YA0I3OcdatFiMC9+RuD9LfvhynmVP4fy/fAPJWWehw+p6EYHhTyvPn++HEo9InAFU6hHTB+VrjmMAUg4i0+n+MH5WpG6n6YDO/tYB3meV8KTMiJM/P/fEOyxtB/L5YSNQ/m0bb4CyLm1tFpHnjn2rofqfyOK2tbl588FU63X9PywE21cRf5jAVXMgEgGOkYHFfnawt/vjzpIhj8vXAPLmryJn9rHBNHNKb8+h/nliHdGOzH529MJTUBI38hgLEtQH+D9MRHabhYzNOLCol0M79VJ6WF+RwIK5mdo6T/CcLbMtOmT0vywEv/Sfgbrl8xUZCGNQIZ3AQfuxxa1yrTKn2j+TgT+nfaKnSR6VYhZbUrHYzZl9RAPvizLoL+GopUm18AXwDKaZc7kQPIYmiJw1QpQMPKuAUothGdyi1qT0nEq6lT6HD6jA/Ec0KVJqkTpEwPl+uAyLP5F6bnL7MphmPTr72OCsuyooW0DqL4Nz+eNRy7gS0bC20Ae0c8Ms3QqD59fbAO0XQ9PbCvstM7bx+WBVB3Kr63nDiZnyt5G/ywD4yXQncYcpJB3PzGErmJ3U/I/zpgqnXBj157ed8A5lwBzP5/wCMSVEiAd/bAAIwQinlDfQ7YDKa8k/4w3PKfphl6hDQevp+eGqlaJF5PP8Am/LAOuv1O8/T88J2Emxg/lgV60b7kk+p/LnjzZiN1tHO/wAsBIIwjf529p+WHO9tyP8APT0xH03HP52n+bYKLyJn+bftgFtU1TBHncDblgdqkRvEHnh1iOUwCTy87frhmte0/X0vtgGu9a92+mGxmiOfrvhBnr77TP67YbaYjAWrsVlhma5ViAEGoTIBJNlj2b6Y0ml2aIvrYdYP74zzscmigasfFU94AgH5g417hlY1KSsIIIBwAlHhLLH31UWj4v0IjErlqLixqFvULP5YXuwB3AJ+dv3wQcB5U8yfXC2QEQRIPI49jowGXdrOH/Zq2lD4HGpfLqPYxfEPTqsRM9LXn3xdP6mqAlF+epl26gH9MZ13nO5kWt5/PAS3emPnsD8owkVGI8QMefL/ADiNo5whrxz6bjcEYIXOib6ROwn9ffAG0qxFtUybc/QHDyZ0gEEEx0Ec7x/jAprcxMc7T/nD7PqF7j08ukftgJChn18yeUAfL+dMSWXz6+fyP5csV8ZViCB9ThVDWpEix6kwPP3wFHzJIO533JH74FfVzM2tB6b+uDK7QZ5A2kkdMDvTty9z7n2wDCLNyCDytH09xjx8oHP0IH13w5TMDYT16HyPXDQi5MttvuPpfAKWZH6fXzx1GJty3vP1x6LWO0+wkY6VnpN+Qtb/ADgFFuYtb+fthpax6Ax0v88eFrEx6/X9cKSpFo32Mbbzfn64BDGY9rbRgSrrmABMjnz5DzxILUABNpjp9fPC8kyiqjvBVTrPP4JaJ89sBonZygrB8uu9MIo8yq+OOtzif7P5w0G7pp0nbyOKh2IdlSjVYw7s+r/rJg/QYuHFHFxUQqeVRbjy8xgLRRcEz7YfdjFsR/BcytRLGcP8QzyUkJYgE2UdTgDaVQMJGFTgLJ5hXAdbahMdDzwWMBTf6mrNOiNhqa//AE/5PtjPHRhuAZHXnyIGwxrHbnK95k6h5pDj23//ABJxkZqyPhkDf6DAe0HpaJ95v5csdhVkTeDzgfl7yOmB3UCefODsTbaT5csCl5AJERuItaY/LfATWXza7226nqfMW/3xIK9/iE7xPPe3TFVQBiRcc9jtyvtzjDlJ3VrNB85nqPp54C4JJnb+fzbBqzOx8iN4/LFYp5lx8WkxaZ9Y8/8AOJPh3EOu0m4n1Fj74Cl1LG0cjt0jePMfTHGIIPMWMEn6Y7Ua4tA9fbCOQNza0G/y8jgELS5ke1uW99v84TABmZ6QOXWeXt0w6XmCGHORtzj6YS8jlFwCZ87ft6YAcje23kR+m9jjioQb3MW8rRcfX2w9rJ22ETM2t0v1I98ddBtNwBEetxv0k9MAOrLq0sIMxeN9zvEi2C+7vACG55/ttf8APCVpq9gx63BjmOY5X54dpUmJjUsmQfCZAixE7x68sAkKQbKN4A/gwzWp8i1oPlccwbYNRYnX8wLHnPOPMYTa0b7bRBnqZHTAWjs/xSlUKUgAjoqqaZIkgCAyX8QtPUXxolJjoGsHoZx865+oO+Fostt+WL9wOtXCA0M1VonpOumY/wDjeQPbAahkKCo+pDvuOWKF2y7UCjxNkqatPdIFIuEMsT4fPmRJ2tGCqXabNUkY1WouwEhlpafoGhj7YzjtZUZytZjJZmk9diCfMwx98BsfZjtXQamEF2vdSCDeZttbri1JnkiWYL/qIH54+aeAV/Hy5Y0XJ1hokATHQYCx9t+1tE0Xy9JtbN4WYA6VHrzJiLWvjN6rSPSJgGT7e047XYk6ybapj3Jk7RhsE/hJ67m06uvr+WASzGR4hf5X5i3nthPck8xF7Gb+KJ+Yi+OOWY8o2j0knnz5/wC2OMxCkERyIMWFj78vngHNMn4b2NiTzuSNx7YepIL9OV+pk8xPXDYU3MCAbcjBiDH82xzJ0ZX4TpnnzjmMBKKilpuLnYcokXO8euDMp1mZHPzmwJsI53xF06hiGBgmLA7weVyLg4kKDyLiJkTEAwY5XBt0wFRrW3nkQf2/nPDdYC9jAkbDqAZHrfBNefwmxMxaJB5xuInDLGOgkE+nO83izdd8AlgDBEm8Qfc/oBbCMpUJ/CQRa/16TvjtURsR6bHf8rzb9MIPNRNjG/lIF9+fPALCi4kwJJEXiBfzv+2FhTsdjANrc43Hp8zhtYI5i/TqTNj1vt59MJCmF06R/IHlH54B/WOalZ8wYET9LYIo1lNhyFzvNt564BUkgiDt19IPQ+36YehjpESABcj5z5yPrgCqa7He0R79LEctsOtTkm1+Vybgbee4i/rGA6FQlrBtoiTHsSBa2DKZIYlvhPOFvebjltgK92kp6KytYhlBET1jmLemLZ2XrygxWe14EUmBkCVMT6g/mLYlOxtUkWMj8sBP8dqxpG4Jv5Dlir9oUPdAabBhJEdI5G++8c8WPitVWcBiQNPpaR898QXaClFDn8QP/cfh6ED85wEXwRPEPXF6esUpbjbFO7L0tTXOkDc4sfFM1+GmBHMtz0xYdd9hgAaVXxFLm4AsYNr+o9R7Y7TrLMgiB1E6b7i8i429MDilB5xBvyHOPMATP6YU5/uBAYEmbnyHIxz3m4wD8yYhYnnM3aLE7kg7YfqJMD4oAn4pFjuDvPXyw0rWMGGmbHaxB9RPyth3W8gzqBBt4QbAzcWJB5eflOAUlKDM3ggD+2VmDPQmLWGFrA5kEgBhPKItaTvv64SlQi1yoUHYydiZAsTBw+9KSLiTeDIkR5jwxAEc4PXALaxsGWBMjqLH6zz64NyY1WWDG4ETuetuX++A8vmGbcA/FcPBWNhym5H8ticpFSTO4O5528r/AIsBQ6lQbySCNwT7kny8xhsneC0g7SCRfaZk2j5+uIfLZwjl/uP4cFpm1YFpMC8CLA8jJuOnPAGGnMDkBFh5xaxIF525xgZqYM3iGBkE2iZMfW2FyCojpcxa/X5YHpk3O0RaOURy398A4a0bGNHpbn78jjorBeTRciOhBFv564aVx8Xh8QmQT4txHlI/lserMYAIIiwP+obi3MzgHCTYrtPzgWB5gC/zwQap5n0iTYi4HQXO3TAK1ehJ8RO4kE//AK25xyw5TrTIN4PMwfKxiD6eeANzABEzeZEMYN9uRvc32w9TqxaRMWVupBNuYjAtGsCZgRAm5t4SdutyMeLQLyPFF42gXmdxbpt8wF7WM00w0FfEwixvBMg3HP54lOA8PCqKtJ781vfy/wCXFezzNVYgmQlh1859cW7hOV0UQQ5YsBCTIn+4+QwHs1mZYhomTJAnaJgRfp7T0wPn1FSi4WACu20Fbj1Fjhx5QxM+I72P8IjA3EaTNRfSCxHJTJiJeeoj+WwEH2ZrhawWoTpPT9fLF27TOv3bCNIRr23tDdDG++KLw3JhmW9wRvY/scaPxOitSkDf7sSLXkRAty06vngK2KrDUCrCYHh1fiPODKyBe/LHadmErdjvsTJPLlAOw/zyk3hIj4lN45SfituDpFrR8sKFTkxkQDAFxtyPMmB6YBV5IZjYzOrc2AG++/qIxxDKtPhJuIi2nczBvYfM8r4WhBhthGxMGBNpOx5b/i5YZoPqkgahvtewMLPPxdfI2wBOqBGphqAiZgSBvMiRAuOvrh+nXuIcWF9SnlEm1j0tyOI7L5oSQCSFYiSIgNCkkcpAF/PBdNV1KQVsbLq35/OY8reuANRiZYFSQf7oMm0CTzuZty5jEvkqgcx4oIXmOYmAZtsJneMQWWaZsQBuJIYQbkA7c7Te/TElk6y2dY0gsD6gkLMeRP0wGaVFuTIEyOcidzbfHO60+IHpEROD6uUu0XvA9emBNDKbCQLeR/n64Bmlm2XzEc/Ly6fvgjK5tZ5iNhy8vcDbznDJrqSdQ2v4bGOdtv8AGG+7BBKsoi0N8rYCW7wEBo2gXPMR53iY9sKriN42g+K4m8bXAg3tfEMaNRLwQsjnbnePY/LC6HEGEBhI3kb9J6R/vgJFn06fCDIMEwRH5giT8sKLkWkGSLiLAmOYm5MjAozqkgaoEXPmFt9Z+ZwRWfULaSQQQDEr0AnyMRgEy1tUEi9vSIsb3I+WO1q3j8IvymTIJifl53jCU8458ovYeW5n088NUn1A6TIMGRaDe0Hz/LAXbh/YOnVhqOYCsI1JUU78yGB2Ppi4cE7AFSO9rCByQEz7tt8jgPsbLBWIgsqnyuBONGyYtJ9cBhfamj3eZr01jStRxN5W/hHObDfzOFdkv/UqeQRvzgfRjiN43mDVrVa1wXdmP/USQJE8jHl7Yf7LvGbVSCNRj5ix/wC7ngNGHZDJVSHNNqb7koYHyuPkMSXFOzGXp5KuVLSKZIctJGm4gWFyAMH8NonlfDP9QK4TIsp/9xlT21am+inAZCjTad4s1/7iRA5ibxPzwsVIYC4i49YEj6i9vhvscBU6pEP4dSCTbcEwbxHTbf1w9qmoIJsD5T4TYjkbzqttgCcusEgNEWmBHiE/3AT8J9p54UtRl8SgAtBIEW1AeJiBYTc2M72jDGg6SkBgTswsym2reFaCJB5C07YeSoLlRoELaDNh5ArG6+3ngOZitOpmVZgI4G3sbMwJvMT4RtGHKTEDSDPiienTUB8A3uZ/uwmhVJgWBZptJKzcHTzkgW3sbYVl6MayACpIi0DlYN0sbeUcsAXlQZBUBRAQmTbYCx+IzFxE8rzhVCpbUgKGwIgAjcQdpFiZjDNFRA0s2ob6jIvcncztM+Qwc5IXX3d5gDp19TM4Cn1KmpphmX8PsLC/le1vSMN1yOYkWErEAERa0GP1x2tBYEQJIkryJPiMc7kn+DDbIStpI2sYiWm/P39sAFmskCC0bRclfiIuvlzmYxH1aJ6RNgY6+nOcTLz8NpO+1z57+Yv1xzup5BbmCARc2m0jp88BEfaWQTEAzfrJNyetzhdAo8ySDChZIAtv6Tgyrli95tELIBAjcQL88R65ZlHw223jnPW++AXUypCgsAZggX2Owkb3kH0wz9oKkXFjO9xHTrtiXp8bo6dFWgBdZZLGAfczvecN8TqZN7UkYGbOWabnmDv/AA4Bijn9Rjwn1nYAWETJtb/UcLroAAARBFvcbH6/PAb0IHhKkz872scIau6iYtvHK8/tgNu/p0xNGny8C28xb9MX3i9UplK7A3WlUIPmEMYyX+kHFi5aiVMpBBFxpaTB6EGfY40nt1WKcPrkWJULMf3MBfywGEhidQWLmY63UaYnkNXK84L4XAzFIqI01VBv5i3Uj16YHaqAyuZBF/Jv/wCb6Z22wvh5mtRIMfeJJA/5xHraL4Df+E0+eKf/AFdzQijSkSJqehJhfX4WGLtwdSUBIg4yTt1xLv8AOVGiFSaQPOE1A8t9RJjpYYCCOok+Im0wsgSLzzIEyCD5HDdWooIBY/FMjeZkixEEyd7xhhGlTBG0GLG06oHv9MP77QTYjrO4MxeBPlYYDsBoLaoDQdMTz072BU6uXTrhVZn0gJFgYiQT5EXiZiAYB5Xw1lq1xFpHhmTHiIO43Bj88e7xbMZExpYSVB/5mXb5e+AXT1FADZjFifCwAjSL23It1wdSqn/mBi5EgmJgkHb5nYb4HNIMTpOob2AEEc9hHxrJ8wb2wqgNRYqbkib8tIJlSARZemAPo1VbVDDSdQNovtGrltMifinnAMRi1MBTDWs1yOsyIM4jKY8AiSf25DwweXy9sH5V1ZpDaGH/AC7WjTEW528sBSMxRIF9wdVjbz5DnhipVIsCZ2I9SLedyPliYzmXDFigEkAhyfWSb2ty3xFGmQSYgzJ877jqLH5+WA4cxBnmZuYsOZ9DAt54cp5gkWncWmdiZOBXt4SCJExuPIfmP3wisxF1tvEWmOvz9MAbWJiRz1RsJvNvQfkcIK6gGjc6jtMXufa99+W+GKWdMiNpJg9Yj9+fXDz1lYyCQRMDkbc5MESCfK2AZr5dJJKiCYJGxMG4tGwwFXykAEEQRHU+mJJWXqQDIgCJ6EfWxkHDdRwBCsR5CRMHlG249MBBrVKEXiOv88sELxEnwsJnnH6YPz+W1yZtMddUCbdPnzxDLSZmCoCWJgASZOA1z+kHDdFSpUqqU1aFXUpBOmZsdt8aH/Uq3C8x/pWI661jyjHz5w7tHnMuxFLMtAMQ/iUxzhwYGJziZzDJTzFfMVC9dWLUyfDoHwkAHTZgwKQCpA6zgIKln4a/wwZAjp026fLEh2ezNMZim5aFVi5DW+HUY6ch7xhkcPRxt4r87bmLxa2kx54hOIZJlny/m24wH0hwrt9w8/dDM0i45BhB9GMKfY4z7tVkmStVrpUpPTeo1QDvF1rrJsyi5AZjcdMUXJZChWyoanC1KSk1NR+PYuzEnTTVfCqCCXYn1xzhWYRSBEK1iRcpfeALgeUnAT4o7EyVXc2O7WO1zBJt1PQYaqswNlMrsYsR5Wvz35DHPtgUDTDLaDB/CIZWG0kWgmLjDeZc6QBC2svIwP7pMTuAYuR5YBypLDwkHTJBJ+KwMj6Dlzx77RAMsPS8HcxAEW588crKusaSAQBM894npYm/SOmOAnUx2LQYsQY3vFyevmMA9SewggaBaZmxAtMjTtvgksrAMPCbrazbgj1NgLdB1gCNAbSB4fCYFpgyYI9PaIjq9QI+A3EExAsSQFtFp+cjzwBdJjYVJYKxdSBcz/dzXcmRaDyxJZLMAnUdYknzjyEiVvNvIYiKefCgqQbsAQYhWkAr1EibwPbB2QTSxKwW2ImxtOoWMQCBHrgIco2ovO3imIvGxixEgjqCT5wLUpHSYNg0aeWwABE9QPedsex7AMPkgRqPhMiTBgeIAgkXBBP5YCq0nAbUIi1oM3uDB8h9Mex7AB1FaLgg9R6/4xySrSLmeXqevljmPYAqkTEx4pvI5bxzsCbT1woOWF5EzYcxJNpsD5+Rx7HsAvL1J5kKQ1jMzpIII5z4cQ+bosrTf9sex7AFZPh7ldYViPIE/wCBiZr8Qq1IarDOFUSd9926kjTJ56b49j2AcAYi0huRsDbrO8CR7nrjpUtd5BaQYgkiOhuomSN9sdx7ARma4UXB7swTpJAkKYncTuCefQ4YyHD9JBqE6DsVH59P9sex7ASmUp7qOtpNwD133XDlMHXPiBIAWYIaTtP+k+trY9j2AWbxGwtBBsJET5jr098PCVcg6ai/hkSRuIP919iNjj2PYD1XLqTILKZkaTIOr+0HcXtzucICt4h4WhQCYuJMyDa9hv1OPY9gCQOpD6VmSJmDM3ubSJn8PK+JDg7m53MlTIY7R5W3G2O49gP/2Q==",4,4,4,4,4,4,4,4,4,4,4,4,4,4,4,4,4,4,4,4,4,4,4,4,4,4,4,4,4,4,4,4,4,4,4,4,4,4,4,4
Manuel Sarabia,Athletic Bilbao,"data:image/jpeg;base64,/9j/4AAQSkZJRgABAQAAAQABAAD/2wCEAAkGBwoLEQ0KDgoNDQ0NCwoNCAcHDQ8ICQcKIB0iIiAdHx8kKCgsJCYlJx8TLTEiJSkrLi4uIyszOD8sNygtLisBCgoKDg0OFQ8OFSsdFRkrKysrKy0rKysrLSsrKystKzc3LS0tLS0tNystLTctLS0rLSsrNzcuNzcrKys3Ky0rK//AABEIAQUAwQMBIgACEQEDEQH/xAAcAAAABwEBAAAAAAAAAAAAAAAAAQIDBAUGBwj/xABMEAABAwIBBggKCAMHAwUAAAACAAEDERIEBRMhIjEyBiNBQlFSYYEUM2JxcpGhscHwB0NTY3OCktEkg+EVVJOisvHyFsLzNGSUo8P/xAAZAQACAwEAAAAAAAAAAAAAAAAAAgEDBAX/xAAsEQACAgEDAwMEAQUBAAAAAAAAAQIRAxIhMQRBURMiMgUzYYFxIyQ0QkMU/9oADAMBAAIRAxEAPwDprInZKdErjG0IdElOgykShLoktmRUUphQlkaNGpsigkHQolMygEgkbsg7I0BQmiDMlI0WFCUHRuyCLAJkpkSNBKEuyCXRE6AoSlII6IBIJBmRsgzKBkgIIkEBQp0l2SnROlLGgnSUqiKikQSjZBHRFkUE7oMjdkBZTYUEikMYmeRyEREbikkfNgA9LujMhBnJytYRIik6gttXLuFvCWTHk0MZEGHEq5uPfOmx30+zkRY8YOXBpco8O8DE9sYlM/2kfFxet9vdVR4PpAjK2/CkP4Z3+x2b3rm0jkPOIh+83/nQmimuu/Koc/CLPQR2rBcJcHimzkZF5UclI5YPO1fdVXUbiTXNzlwfC4m1tGr95H8VtuCXCqwmhxE2oWrDNJ9QfIzv0e5EZKX8iSwuP5OhuhRBGyCuhKNGyCkKGsRKIDc9vN8Y+b2qM2UBoBWjr288OV6cu1TUVg9VTaACNCiNKFAZCqFEEE0CiCV+VBFk0Akh2S0lQWNBOiolVQUi0JZkHSkEBQlBHRGgKMh9IeVvB4RwoFaeIuu/CalfNV3Zu51y95rrqx3MJW7c3eb6dFFqPpNxQ+FuN2mKGIfQPa9PXp7ljsjYfEY2YcDAJX3eMm1wAdru6WUlVGrDitBY6aS4Rbc/zgTcnb/RNxBIV1hbv5PctrBwcyLhX/jsoRFKO9HCV+19lGZ9NVdeDZBw7FIAjZms5nuYfIqHLwzR6JkMnYHVYnUOlpENu6X1eurfEZewZPa19vNzYtYqbE75FyFrCmVpiSjsdc4FZQLEYYRMrni4vOXa/YzrQLlf0eY2YMU0LFcEoyiUchdDO7OzcrtSnmd11RaDFONSCQojQUCUFRB2Rsg7oCgIIJSAEo6I6IIJCoggggA3ZJdlFPKuFFnLPDq3dPJ3KBkrL8OIKUTtiFs1mc5vmDtpr2s7e1GljWmXKCQGIjLZIBfmZLZ/KS+4gCJ0p0TqSQnQRokAcO4e4wZsdiqapDLQevo0Vps5FN+iDJd8mMmfmRDHnOvWr/BSfpQyaQYxsRuxSxRSFJuajaH2cuivetRwLyFh8mlNmMUMwTxQuUdzGYHpdn0Psdn9jqnLWx0On2hf4IWX+CM2IcRAiIda2GEWiiDo7a9vKnMs8Ho8Pk9sHzta6Tn3vt0rXzyENvOctCz/AAuytGERRnDKL3WjJIza50Z6t0sqXXBYpNnPIcgSczmjrSXc/v2prK+FzNhbpbuzfV5hMYVpD+Yc51VXZVYTYM6RUuLxdehWRRVKqJ/0ex34yKpbgzSDm+vRvZpddddc1+jDAXSTYjWFohEYfq9Z6Pp6dHvZdLotPCRinuwqIUQZBAgSDI2ZJ6yCA0aJkpkABGk1u2I1BIEEEEBsc8kyrhRvHOFqjcOjUPs/3UXCYmM5CqVm9mdbU07eRVQ4KSYRka20vtC19HcjfJOK6wdXe/oo9Z3Zaun2aNOR2tvfzFA/tUqGTbLdWPyu1+hRYsDiibNuRWiPi79Tz+ZV2Iw+ad7y03fV7nT8+dS8zvYr9Bx+Rfx5b0BfIVS1eLfUBWUeUJt5pj9fQsC53F+X9CcaYt24tbtf3Jln8oSWK+Gbwcq4rkmL+Yn8PlrFDtIT/Eb4rn543EVbji1buc/m2IhyhNyTF/MqmeWHgI4pp8mn4YZ7KUYCBAEoFxMnnpX3M6gfRjEWCxGKwMuqcsMUsMchb9ruz00vyE3bRRAyrJaw3DXW4z4KbwXimmx8OIe4gGHFtnPKpop88iqyuDjwa+lU1afG50DEyE2sEedLmR1aP2voWby1iMYbFXJ4C43COeO/V5X20WgA9Nr6rj9pz1RcJcLHK4i8xVtJ+LfU71jZsjS5MUDyCWvGItzdbOX0SMVHJiJIsPHbvFdnNcIK0o+jo2opGG7QV3VVngsDhwBsQeI1jImKGGnhGilHfToZ/NyK6NJ2Uy3N7kEMDgos3HihPWrNNITXzyvyq3OeMWuuGnpLlpvHvRkflxyU7qO232KyyVjZNMJldbu/WH2rQqk6MOROKtG3PKmHbYRF+GKafK0fVL2fus4eIHRrW9X9kd//AJFcoIzuci/LLMfJGVfvHTOLylMBOLWjulu9LMqYXT+Untkf8vuZGlWRcmtyaOWZvJJ/R/ZMFlTEV8YXz2KvYySTdSoohyZPbK2IqXGf4aV/aM32hKsI9JfPIlg+hOooWd2WP9ozfaF7EFV0JBTpQu/kVDkjClCGbkA3ill4uSUMMc9XrR36O5XeEyXkumbYROwbTkklvMy6O3zrJRxCTXWj88iKWDVKkYi/N0Xrm6jr2xnLGV8HaUMWDzRawnNJKctnI9G5fOsvip5Kc4iL7RSsbhpAK5+dvSQ8/u5FDICpoEvLkkG87OWiSU2K77h4KOSUs2xDuk5belOnDJRyYrrCtzcY8+la1fzbFKyREQs/8QIPaPFyUO/a+mvcpMME2amraZnrcWLnr0dMn5BRfYooHkJ8y91xXeM1DCuyv7KTJk+YNY7YtYbZJCaOzRyv61q8lcC8Vi7ZM4EVhUmkkfOy21d6UbZWtdLstRjMgYHARviTuxE2hhkmpvclG5Gale5EpUi6OO5JdzneByPJqkZanpePp0dnathwRww58pH1Wihtw0IbgVpV6dPJ61WSSVcici1vzq04MyWT29eMljjlcp78HWn06xYduTS4zDDL5P3kaxPCjImKAXmDFXDsKOQn+C3ZrOcInIxzbF/zVraRgiYWHDWN/wDon8HJcZ85hERTssRA1r7SScI0cTFeVpnrbr6nndTKSSGx49Uhw45N4I73H6uMuNMduza7eZO5Ga8ykO4CDdjxVQvq3Iz6UAcajI1pW2lu3gfc62o4SM20CJDb9XqdvItOL3RtPcydVBQlXZmRytjhB21hK37PmF3sk4PKIzMQ+EWkW7DJv9zprKOCGZiJiMZfvCzsXt0t7VTTZPkhJpHG4QttmjqYB212ttUan5I/87it1sXJcIRB4eMELiLPZxrzAW0aW5e5aXGYgTkImLVK0gzjPGZhTofSuX4mHOndnBFyK0/I09uxafhDGUMxQtdxNojJGLAAUZujQyZSlpuylwj4NHOVjXWkVv1caoP+opDPNx4X/Efc0006FCwWOxGIPNvcTZqa3br6HUrB5MxE11uHEWC0ppMUbYMA5G0u7fFQpy8kelDwWU2OjAmrq3aeL7NDp0MoYc9knkph+Dkh0riINW66PC5zHS6X5KNSnenYsk4HDvrjjZSu+rCPAh31cn+Ks1T8k+lB8kisfW9qCfzmT/7rL/8AKf8AZBFz8k+jAj4LA+FBqTZq6YYhjk81a1ZtDcirD8MB3jzl7c7N7lvSz0Z38yIcqiF1NhFUo9NnTTQmosSI7RutIbI5CYw0aaP2dizqSLbfYm5VyeMVxBIMoAMRFngeO+rVanx0qoxWGmNtENt1v3fnpRXQYgSG1pBhD7PU9nQ1HolYjESCIDHmCAdyMjCSWeumulun3KZJcoVN9zPYLIs2IMY2jt68km4AM2l38zaVdBh44uLjG0Rt4znnTldTMjySFFi5HILhGGIc2DAel9Olm06GoopusmeTtJHZ6HCqcmjVcCHIWxA+VEXvb4JXDIyPNQgJFvOWb7dDfFReBUlspx9eH3O37uti7K+C1QVmXPL0uocqOXYvDTQ21Gy4Rcc5v2Py07nQwLjCYyNcRfeEtRw0w/iZG7Yz7tPxWVdiWSa0SpHTxT9aGqRucDjIZhubnfr71XNhozmcT2KjwseIAfCI62XUIt8Aft6E5/ak1HK3X+0V+vZWjFLp/c9LHstYeETIvywx/FVBNbzVLnixFrTSCQtLW0pN86dnRpUV1TOTvc24MUYx23L7I+Q8PioM4++RS8Z1KUZleZKwUwAAyapBq+nTl70ngk38M34svwVzrLoY3UTidTK5uL7M5pjY81JKL82SUfamGmKLWbyro+YYPtZ+x1Lyy9ss1ftZfe6gHs9v7LDbUzsUnjS/Bn8vYGEJQzeqx5qSGPngD6KM/S37KVwvxcgYrEQ5wqDJbxnP0NysroZcPEMU0olbcLcWMZ7Hrys77Oh2UTKuU8nzTHMxFrSk/GBBr17HbbTpW/VaOLlhplRSZDYpZ2G20ShxBZyPcvYHfo6aevsdbHgviJDw2URMiKyGLxnMCr/skZOMYpIh8FETKIpIfCgjC+J3ZqtYzNs9jq9yTniDHzPhYBYhijh8F8ViiZ3Z9r1bayEiuklZkcTOQDFZaOqXi2bUo70o71dtiVhcvZQB7c4Ra2tHMDH728yscpZQzJMMmTwutuzefYLNLtyv0NXvUWbLMMrW/wBnxDdbxkc9/R0bfWmewRV9hX/U0393g/wDQUHwsv7nF+tkFGob00VWYmcbc2VbifY+5Rk0+HxHVLW8l1pHckKrPQik0ZnM4gX0CX6XUnFviCGKglcMdpRxs4WEzu7ex1e/mQZy8lDJuwcHgkDC4q8C18XhxGaRrDkZgr6qv7HS+VW2Hf8AgpC/9xF7v91Tk6zZ+Tu9DL2FzwXktxIeVVvWz/st6y5jgcSWHMJm1nAhfN9f5ZdJwpEYtI5b4iQ5vqPs9i0dO/ZRi+ox96kU/DEOIYurIPGdSrOqrI2SsHKDyPNfWF2zdrseHk0aactPir7hPHfhj8kon9v9VhwxMwDm2kMW+zjd4w9STJJRnuizpYyyYqi63NfwdCGN5sMF5MGZuzzWEbuzs70dtDbNFFN/sfA357wcLvs/qvPTYqLgZIRSTV50Qv6n/qtXyq+FSVmTqNWPI1ZmuGjaIfSl+CydFruGu5D6UvwUTJgYeWG7NiRgI8XpvMWaj7H0UpV/OqJ49U6N2DP6WBSasteCTj4MPpS3etTMRlKMNn+JR7FUYOS0pYWEwEJIrs3KeaAX5XZ36abKqUcuqQ3X+N8ZUz2uzNV9uhbIxrY5OWalJy8swmUcVnTlk60pW976FFKfRaGt1pOYfm6VHx7lRh3biH9HKpMDXNo5uqKxZFvZ2sLtUO42IpYCHdtIS6/I3J3p3g5g8CbTQy4UJrs02cm8bAD1bQ9Wo9ejToSMJJc8ut9lb7Wq3rU/D4komtzYFd9ZI7gfz3LTjlsrOZ1W2RpEiBppQCaUeNwuew4zb52M9Ks1drszedXuEwWZgxUecK4rpM59gbvWjdjMze1Z7FZQIxEc3qj9pr+pWGRZyKHHE927D8dnQnc0Z+wjD5HHEAMkk15Wtxlrn0v2dNNKIODcNoyZ63dLY9/vUccoWvvEI6vQnYMpXNbnLtXxenk76KG0xozceCZ/0rH/AHof0v8Augo/h5fbF/j/ANUEbD+pIzbvb/yQZIH2Iq+V/hqkoJAmg8hKK7l5SUL2+UpYxejL/BONtpPi9aST6wGbR71WVVtjM2ODwsfKd0vtdvb8FTs6yZXczvdEqxCqrpeQpM5h8OX3Yj6tHwXMhPSOqthwKygR53DnzOMh9F30t66P3qzp5btFfXY9WPUuxf5YjvgmH7svZp+C5w7aV03EOJCcfWEm9bUXMT3vWjqVwyr6ZLZovuB58e/4Je9lsIz3lheCBXYoKbLZvctthtj+kS0YV7EZevr1dii4Zvqw+lL8FVcHsd4OTxmNzGJfn7PPoZWXDE9SH0pfcyyV+lZ8k9Mzd0uNZOnpm0ixlj5xhu1ZRzNbz0mzhp/U3coeJksjMrtIjK5SeVR3d/Wm+DjDLG8z6x3Sx/l0V73ULL0tsc0fLbb632epdHHWls42aNZFH8mFxmJvMBMtTb+dW2HnjsKmqIj4zrrN4iIs+EZkIiQ5zjOZWtFfAA2jGH5lgyfk6+GTJGTJRF9OtdEXN5/anylLq/5k0D2O1LtUhuzepqedPGA1Khb2kPQTQnsZ+sxqLUmIaQuqSnYbKM0EcsbCJDKI3ySDuU6FBpzbkdNCazG9IHmkLWa0u73qxyblOMAzcuBil1i4yrhKdel1WH85tAW06UamKib4dH/d4v1n+6ChWeV/lRo1MYjsxIr0hmH/ACoPGP6UFY6ykZPwxYiWLDtq50qeR86FCroTkZEz3MVtunOV3EJjR5L7L0keczIbkAjEPl02v63dVFVfZPyYOKhGYyIZSu4y7f0vSqr8Vk2SJ7bhIVllBuTbO7gzwUFFEEGInaNtpbnl6Hf4K74ItIWIipujnXL8Kjs6r8Hhb8RhIbvroS4vmaf6LR4WTDw49449h3R+RWldHeyuxwpqTK82bUpRj4NGOsZF1VgsvxZmWUbd4iIfM+lveug4cN4nXN8qTliJjkfaRF8+pPnqtzL0F63XgtuBTcf/ACZfgtozWisbwL8f/Jl97LZzbE+D4FXXqsn6Mzwufi4fSl9zLIu61vC7xcPpS+5lknWTqPmdLoPtIuMiSWR3fey/BV3Cy4mCQNl0t3pcnsqrDIoXRH+KXuZRMuNxLi+3OjZ6nXWil6X6OHl/yWvyYnLEZA8WM3RlGKPjOtV2baymRYi1t0R/+tWWX8OJwCLbuZFw7tPvZVuCluAd0rhFZMsEasWVrYfgylGerddyctl6ntLotVRKwjsVtGehVxikHUZZSVdgmO3YlDiEkpOcku12xMYx5phS2lFR3f0UYS6N1AUSc4gmM4XyyJAUMlJ6P8xIKYeQt7/Oq3wy7ml/LQI5CbdIdbt/ZAUWgzj+pLeYVVMJf+Qn9aciwhGQR3DrEIl19qixo8nR8lvZhovKGvr0qqxU17q7xrCEYi2wREQ7lnJH0qqXJux8DWBnHw3DBdpz0NvrRNMQSCTFrAVfzs7Ol8E8Jn8aWIfW8HjOXN9rM7N7Xr3KfwfycWKmczHi4izk3llyN3+5k0k240XYZxipuXg2eIn4tqc8RL8r6VzrFR2HKPOEi966G+uX+lYbL8VuJmHyi9ulT1PxQv09rWydwMf+J/lS/BbXEPoWF4H/APqYvKGZvY63U6fA/Yir6iv6v6Mzwwbi4fSl9zLISLX8L2LNxfiy+5lkSuWfOveb+gf9JF7kJuJf8YvcygcJw0Qkxa2dL3f1U/IPiH/EL3MovCQSsAurKXu/oup/yOJJ/wB5+ylIL4wFy+1H21+KzOSJbmKNuZKUfl6NHwWiZ9T0ZS9rN+yoMEFuIxEN13G1HTuVZn7ljfY0JVOSLY8Lq9ZHhtZvR1VYu2qquN9Yh9FQhcsdiW0cfWQcEzQUdbfK+dikzCitHV5yBbN7dSc3c93/AHIy+dbfQSFUusSCGr1fcgggIYxHZ/wRMA6dXW9JGziNw/FEdu8w+jrP7UEiHC7/AJKTk6HjYvKli53aozMI2k3VK7bqGp2Q2HPw/ioGx1Zs8rbGWfmcrSWgym+jSqGTdJU8s3w4LD6PGGuOmIqMIxDrcwNLv7m9ql8E5bvCIW1taJ/T2t+yz2FfFYbDvDbZ4VSXe1801Wavn2+paPgHFpmkf7KFva7q5TTkkTLE1hlN9zUQQ2tpWA4UN/FTel8GXRqrnfCdx8Km9L4USdT8Rfpn3X/A/wAD2uxAU5gzP7KfFbSU7ntWM4GzWSyauvmSt9bVWshfQ5OrenVQQn1F3lKbhd4uL8QvcsWS2PC9+Ji/FL3LHGyy9R8zf0H2i94P+JOn2xe5kjL7cT/Ni+KGQH4o/wAYvcyLhC3El+LF8V1V9n9HDk/7v9lDEwlGZc4ZYv00/eqqYAHwg6b3FEXeyvMlQZ2LGFvEOaYe5q/H2KpjYc+RN1Yrvass41FMvc16rRcm1oqkAxuNXuJ3VQCPG2uOqVyqRZk+JIY7tgoNdX8qUzD1f+xHm46vrJjEIFyF042ttSdXrJtztfe3kAPZlBJzg9YvW37IIJGica7pF951EUcf5fxK/BODJGLOLl29T2pDTCVo5y0REvz9nnQwQiSPnaxbvjH1AVpwdbj4fze51XSSaLrrSL4qxyFLbPFUriu/JpUMfH8jYZT2LEZdynmYzFt8iFg79C3GVW1HJcm4RnncVh493jvdp+CSMbZsUqVnQsp5Qjygw4gLQMI4o5sKW+BdnS39FccBo5heYnEhjMRzckg2AZs76G6dr+pcjx+XZMOdsZDo8dNZeAV5POtjwd+lwGYYcbhx0Wt4VgN3vF6ex+5WwxPU5DvJKWHQkdJy5jywsLyNbXVYfSf+jLm+JlvdyuuciK+SRW2X+G2RcbEAxYwa5y4hmY4jCjdrU5VRiYlrAQkP3ZX+5UZ27o1fT8WmFvZl/wADYqyy+TH8W/ZbAo1neAjD/EFy8UPvdaiVxWrF8Ec3rvuszXC97Y4vSf3MsjX/AErWcMm1IvSl9zLHSyWrLmVzOh0UtOJF1kGGTM3NzpZfghwghmzWndzo3ydz0qoPBvhZgcKEwzzAIiUXPbeetaN3Mjyj9LGSo2IY8KUxeUzRxH66v7F0VL2afwcqUHHqHOr3Gcm4nwd7T1Ql1Zoz7dFfO1VRsAxSgQbpXD+yosn8JixeJfOWgEl2Zh5kZVqzfPQr7FNaIlzhlH0NulZbemn2Lczh6ilE0JNcP5VmZ5ONEfS/ZaqLWiuWYJxzv6lWNP4secLtg3JsWLqkn3lHQnI5B8kmTmOiKTFq71e5FLq26peUnijuctW277NNExDzRUBQi/ySQTucLq+1BAUNmw063+tCRrm02jbb+hNG1+q4jcP1lvb0Iie3na3zVSQPU2C9ur9Z1BZS8AdsgeTJFxnl1VaB6LdTe8Z4w+XQlwYi12LVrcPGebb61A8H7kdRxwXRriHDLElh8Xe2+Eb2+d6su5FrR/lXCPpCj/iy7f6pY/I2f6shQa0YiY6DtItVjMz7H5GUKbFi9RAbWttjj69dD/H1q1woWgAhsG27r9OlVWU3G97BEbbWIg6z6Vp7FEZO6IrTkzvtdn5PdR2TkGOmjfRIQ06hOKPCmJC411g4wQp0Ppq/mSGcM7uPYT7p9ux0jje40cji/a2aXIPDnKmAvzc29bcOJDO6zdr6W2rRTfSrlYGt/hiO3mxPZ669HvZYGRoaGOZJy1WCS7RBTpbTWtOzakvmiJhARHi68YW+VNnnVu9bDOab96v8mkyzw/yrixG+cRsJ7czG0W1u/oWdxeVMVK10k8h1Go1LufQzoS4WEWCSQiEdhRxtZLdy7XdDDZNiMfCHmEYc5acd38RAHTTloq3G3uRLNJbR2RXRHpqVXbyNvtSSN3bzKZEWEETFxNzYuLmF2zRj0OztXo9qjAwvtKm9cpaoqTb7jbHShNtZdIyTlCPGxRFdrja00f3uiq5zZo85LVfR3hikxUULFvnxw9SlXb1td6ksqoIxepWdSmjKKG7rLIO1s1zkOtd71uuEeqGbbmisLiY7jHm6qpRdlfsFlJzfSS3mGu8oRR2v4y5KFtPV3eVSYdW5LPEjXRq/eJpsYXKP8zrpLtu0t8vVSTjErS6vzVFjD3hPkigm82XW9jIKbJI+f3qlbb+tFnLturq3BnPYm4wI3MWjIiAbi9HpSAuHbrcmcjbUDR0PtTpCjjn6RXac5HuXJ3M80x3rbs3v9mxRSmIWuYrrfq/Y6XnilLVtK27xdd75ZI1Q+P5KzssQcX+X4LjX0o4WyQJvyl6W1vc665kOSSbDQzPvHCLmsN9IGRixIGPPHWj6vzSqRfI2Xyc3/tSQWfNiNXHxhbbqdFNLqrMSEWN+eZP6ak5PiuuF7tUuZ36dPzpTOMjJtVh1HK4JPZSq1tbIz7crkiwtpRlcxdV2L9KtMFhxJtbWEaeL+enlVfjIyAyFyudiQ1RDVEqTHyMOb0Ucri8t6UrTZsSIhGRxHXEd0irfrO3m5XTFCPYOgO5TsIZBG526GIuL3L6U0u/ZXYmg7dDOu/AxlOGQCocgmVG14yvbo09qjxyUa19LXbvz5lKmcZjYM4MQHY8kkjOwATtV3fR0pmbDZrTnIza8hEoTYi0ctORtPKlkt6QmpXsHPFbqtWn1Ym2sdeVlYYPJlWzckljmJPHHoDPgzVZ9Pam8zHGUOtV+KIJtbXrR+StKafWpeVJ5AA+Jsu/9NNXXsqzO3z0pnGkQ7vYrBiHXGSRo3AmbNkznt20ptW9+h/Jt2KmxTawQREMc1LLyKnTs0M/rWByPFJLLHEEecIzEQhetpnsbZ0VXong1kWHJuHiw4bREXmk+3l5XfvWeexoxt1qZC4SSWsSxLmJuZXW2/ZjethwkcSZ6rFTRWXUu1bnmzm/2U6FXHgjM/bQt4y3rdb7z1pGaIn1xt1rs2ms4RCNNv3aSDyE9utdzuvo9ym0ZCZmRHnEXWj+CTGEdC5tv6+5M1Ji3bd5k4cRUEd9/9CKAcsHrF896Cj5kvK9iCKC15G4mte07i3vZ09KebCXM3GFvFxfmpTv0upAQXbNvO657fgliGnQN2793t/2Tb9wRDjw0dd23d8YpEWEjL/u5mp8+9SYwjBrdWtxFnJC3O5DBR3EOtztbbuP5vWnJj8jpmRsOMUEMLbAhib2Kk4Qw2sVecJMtLh7aNTZaObWF+kDKUgWCAkXGxMeb6tdKRo1w5OVZYwEmHnmK7fG6Ebte2v8AR1GkgFwArXDxQ5vf89fWtbwuwYlPhdUhEtUc2Xaz6ex6KDjgzP8ADtDAd8VxSRvrwE21q+bk7O9XQT5Fk6dIq8Lz7YxEiKsfkBsdqdr6VDylE7ExOI181xT7KtSml22q1doQ1gEhIrhKPf5NvtUKTK0Z2VHVDsC/a1XZ6VZ6M/Lysnfu5KnfYaxOCho0gQyUMdX6rWq1X6G0O2jtTr+CxXQhGZuesMMhBIAdD7G5FMxEkeKeHN3CAao6rBeTO2l+irMq6QRbEORSNQwG2SrDYVW0dmlKtmQ23s0RscELsOqV43DidtmFNnozdtaOnYcPg2C58Qbm4m1oswZqjtR6Uq+iuzTp6ND2MYBKUxNiWaoVxccmoZys9NXRpfR7FGhw+HxJm4idbvGSHm9jPWrvy16E70/siKvsELxwsZEV5DbZHoCyuynS+jb5lXYjFkbOTBYEheLHWvo7O/m00Vpgcn4czbOyWWiXhMdz2HRnfbtatGTubwohLh7QEy8TipHzhzlTRRn2etI2xqXY0X0VYbCymEj4fjcOM0nhF2c20ZtHI+l9K6/hphlEqc3QuafRfgo4o8XiGuKtsWckazY1XbzM70Ws4HYmSzKBSbo4sih1rwsdm2d7bFnlduzWoLT/AAV/CE9JCsVI5XGLXc750LQ5ZyrHdKW9zR8tUMcpFaT23Freh2JVwVZnSExRkOtb/iEp8GbtcX3i3NO50qOMxC705v50qpG+i24ftFKMloUMRD5WsRbU6DF1eqXr2pppcQNuqOt9nzPn4pE08hdUS+z/AGomItMl6vVQULMSfJIKApDs8xALO3IiKaSu97EEEw5KYB1pGEWJwK/RUSajcnT2qsbGTVbWbefcZw6O1BBWMVcm64I5WxEglERVGNmYa9VZb6S5iA8O7csxMfljR0EFSzfHhEHh7MQhgCbQ+rs8zKiMncid9PN0o0FoxFeTlfwMtA8YHIxk7l1taihx5NF7ReQnEXbVHUrVBBQ+SvsT8JiJQNoWzdjO7W2c2rdu3tUHJrC0spOLE1JmsLz9KCCkmPDLzKoiIiLCzBZIWb7fOqjDHrizBGLxsRRyCGsTt06dNUEEwi4/YBxJSk89kYuZk5UC56dClZRYRHODGDPMBX3M55t+ltOjd9rokEgSOgfR/MMWTJgENYpirLXsamjsqrvJ0I4XJshhvSlOZk/Wq6CCpka/9TBYvWcGfkrrcqKaIdGjY0aCCFwZcvIp4x6NqdeEWojQUMoQ1I5MzuJO2rTTrJom038qCCnsJ3HkEEFA5//Z",0,16,32,40,41,48,53,53,54,62,62,62,62,62,62,62,62,62,62,62,62,62,62,62,62,62,62,62,62,62,62,62,62,62,62,62,62,62,62,62
Santi,Sevilla FC,,0,16,18,18,18,18,18,18,18,18,18,18,18,18,18,18,18,18,18,18,18,18,18,18,18,18,18,18,18,18,18,18,18,18,18,18,18,18,18,18
Frank Arnesen,Valencia CF,https://upload.wikimedia.org/wikipedia/commons/1/1e/Persdag_Ajax_nr_2%2C_3_Frank_Arnesen_%28kop%29%2C_nr_4_Rob_Tervoort_%28kop%29%2C_Bestanddeelnr_929-8308.jpg,0,13,13,13,13,13,13,13,13,13,13,13,13,13,13,13,13,13,13,13,13,13,13,13,13,13,13,13,13,13,13,13,13,13,13,13,13,13,13,13
Enrique Magdaleno,Sevilla FC,https://rcdm.es/wp-content/uploads/2019/03/sticker-enrique-magdaleno.jpg,0,11,18,18,28,28,39,41,41,41,41,41,41,41,41,41,41,41,41,41,41,41,41,41,41,41,41,41,41,41,41,41,41,41,41,41,41,41,41,41
Enrique Moran,FC Barcelona,https://i.pinimg.com/236x/d5/a1/c8/d5a1c8583a51824e31e9c1ae4d1e4f44--football-stickers-panini.jpg,0,11,11,11,11,11,11,11,11,11,11,11,11,11,11,11,11,11,11,11,11,11,11,11,11,11,11,11,11,11,11,11,11,11,11,11,11,11,11,11
Juan Carlos Veron,Racing Santander,https://elsitiodemiscromos.com/wp-content/uploads/2018/05/1.-1983-Selecci%C3%B3n-de-F%C3%BAtbol-Liga-Espa%C3%B1ola.-Ver%C3%B3n-Racing-de-Santander.-Editorial-Mateo-Mirete..jpg,0,11,16,16,16,16,16,16,16,16,16,16,16,16,16,16,16,16,16,16,16,16,16,16,16,16,16,16,16,16,16,16,16,16,16,16,16,16,16,16
Estanis Argote,Athletic Bilbao,https://www.bdfutbol.com/i/j/2677.jpg,0,11,17,17,17,17,17,17,17,17,17,17,17,17,17,17,17,17,17,17,17,17,17,17,17,17,17,17,17,17,17,17,17,17,17,17,17,17,17,17
Dani,Athletic Bilbao,https://upload.wikimedia.org/wikipedia/commons/e/e4/Dani_%28Athletic%29_-_2.jpg,0,0,28,31,39,41,41,41,41,41,41,41,41,41,41,41,41,41,41,41,41,41,41,41,41,41,41,41,41,41,41,41,41,41,41,41,41,41,41,41
Hugo Sanchez,Atletico Madrid,https://i.pinimg.com/originals/5d/c3/55/5dc355cf5a089aa2ee6ba35b9b3a729d.jpg,0,0,23,35,54,76,110,139,166,204,216,218,218,234,234,234,234,234,234,234,234,234,234,234,234,234,234,234,234,234,234,234,234,234,234,234,234,234,234,234
Txema Noriega,Athletic Bilbao,https://pbs.twimg.com/media/CsUiSehWYAAWKIY.jpg:large,0,0,17,22,27,33,33,33,33,33,33,33,33,33,33,33,33,33,33,33,33,33,33,33,33,33,33,33,33,33,33,33,33,33,33,33,33,33,33,33
Santillana,Real Madrid,https://www.realmadrid.com/cs/Satellite?blobcol=urldata&blobheader=image%2Fjpeg&blobkey=id&blobtable=MungoBlobs&blobwhere=1203340017732&ssbinary=true,0,0,0,27,31,35,36,36,36,36,36,36,36,36,36,36,36,36,36,36,36,36,36,36,36,36,36,36,36,36,36,36,36,36,36,36,36,36,36,36
Marcos Alonso,Atletico Madrid,https://i2.wp.com/www.marcos-alonso.com/wp-content/uploads/2014/09/marcos_snrweb.jpg?resize=240%2C346,0,0,0,26,26,26,26,26,26,26,26,26,26,26,26,26,26,26,26,26,26,26,26,26,26,26,26,26,26,26,26,26,26,26,26,26,26,26,26,26
Lobo Carrasco,FC Barcelona,https://1.bp.blogspot.com/-JJpScSe_sPU/Vs5fj79T-AI/AAAAAAAAFZI/Y9vggF5lXJw/s1600/n_f_c_barcelona_francisco_jose_carrasco-4749812.jpg,0,0,0,24,27,27,27,41,42,42,42,42,42,42,42,42,42,42,42,42,42,42,42,42,42,42,42,42,42,42,42,42,42,42,42,42,42,42,42,42
Diego Maradona,FC Barcelona,https://www.fcbarcelona.com/photo-resources/2020/02/19/d8f54b57-05d8-46bc-854e-014d7a9a9e46/2635_01_24.jpg?width=1200&height=750,0,0,0,22,22,22,22,22,22,22,22,22,22,22,22,22,22,22,22,22,22,22,22,22,22,22,22,22,22,22,22,22,22,22,22,22,22,22,22,22
Jorge Valdano,Real Madrid,https://www.realmadrid.com/cs/Satellite?blobcol=urldata&blobheader=image%2Fjpeg&blobkey=id&blobtable=MungoBlobs&blobwhere=1203340011172&ssbinary=true,0,0,0,0,32,48,55,55,55,55,55,55,55,55,55,55,55,55,55,55,55,55,55,55,55,55,55,55,55,55,55,55,55,55,55,55,55,55,55,55
Orlando Gimenez,RCD Espanyol Barcelona,https://hallofameperico.files.wordpress.com/2014/06/gimenez3.jpg?w=584,0,0,0,0,27,31,31,31,31,31,31,31,31,31,31,31,31,31,31,31,31,31,31,31,31,31,31,31,31,31,31,31,31,31,31,31,31,31,31,31
Jose Mari Bakero,Real Sociedad,https://upload.wikimedia.org/wikipedia/commons/1/1e/Jos%C3%A9_Mari_Bakero.jpg,0,0,0,0,0,39,50,67,77,90,103,114,123,128,132,138,139,139,139,139,139,139,139,139,139,139,139,139,139,139,139,139,139,139,139,139,139,139,139,139
Cabrera,Atletico Madrid,https://www.bdfutbol.com/i/j/2685.jpg,0,0,0,0,0,30,30,30,30,30,30,30,30,30,30,30,30,30,30,30,30,30,30,30,30,30,30,30,30,30,30,30,30,30,30,30,30,30,30,30
Poli Rincon,Real Betis Balompie,https://i.imgur.com/RfQBZ.png,0,0,0,0,0,0,39,41,41,41,41,41,41,41,41,41,41,41,41,41,41,41,41,41,41,41,41,41,41,41,41,41,41,41,41,41,41,41,41,41
Jorge da Silva,Real Valladolid CF,https://pbs.twimg.com/media/EC1aRVuWwAA5ZPw.jpg,0,0,0,0,0,0,37,37,37,37,37,37,37,37,37,37,37,37,37,37,37,37,37,37,37,37,37,37,37,37,37,37,37,37,37,37,37,37,37,37
Emilio Butragueno,Real Madrid,https://www.realmadrid.com/cs/Satellite?blobcol=urldata&blobheader=image%2Fjpeg&blobkey=id&blobtable=MungoBlobs&blobwhere=1203339490507&ssbinary=true,0,0,0,0,0,0,35,47,62,72,91,105,114,122,123,123,123,123,123,123,123,123,123,123,123,123,123,123,123,123,123,123,123,123,123,123,123,123,123,123
Julio Salinas,FC Barcelona,https://upload.wikimedia.org/wikipedia/commons/a/a3/Julio_Salinas_Fernandez_2016.jpg,0,0,0,0,0,0,0,44,64,79,90,97,102,104,116,134,140,140,144,152,152,152,152,152,152,152,152,152,152,152,152,152,152,152,152,152,152,152,152,152
Robert Fernandez,,,0,0,0,0,0,0,0,0,49,58,60,64,65,65,65,65,65,65,65,65,65,65,65,65,65,65,65,65,65,65,65,65,65,65,65,65,65,65,65,65
Baltazar,,,0,0,0,0,0,0,0,0,46,64,64,64,64,64,64,64,64,64,64,64,64,64,64,64,64,64,64,64,64,64,64,64,64,64,64,64,64,64,64,64
Michel Pineda,,,0,0,0,0,0,0,0,0,45,45,45,45,45,45,45,45,45,45,45,45,45,45,45,45,45,45,45,45,45,45,45,45,45,45,45,45,45,45,45,45
Gary Lineker,,,0,0,0,0,0,0,0,0,42,42,42,42,42,42,42,42,42,42,42,42,42,42,42,42,42,42,42,42,42,42,42,42,42,42,42,42,42,42,42,42
Michel,,,0,0,0,0,0,0,0,0,0,49,57,68,77,88,90,95,95,95,95,95,95,95,95,95,95,95,95,95,95,95,95,95,95,95,95,95,95,95,95,95
Txiki Begiristain,,,0,0,0,0,0,0,0,0,0,45,51,58,73,80,86,88,90,90,90,90,90,90,90,90,90,90,90,90,90,90,90,90,90,90,90,90,90,90,90,90
Toni Polster,,,0,0,0,0,0,0,0,0,0,0,55,69,83,83,83,83,83,83,83,83,83,83,83,83,83,83,83,83,83,83,83,83,83,83,83,83,83,83,83,83
Manolo,,,0,0,0,0,0,0,0,0,0,0,0,71,76,80,83,83,83,83,83,83,83,83,83,83,83,83,83,83,83,83,83,83,83,83,83,83,83,83,83,83
Hristo Stoichkov,,,0,0,0,0,0,0,0,0,0,0,0,0,0,67,76,76,83,83,83,83,83,83,83,83,83,83,83,83,83,83,83,83,83,83,83,83,83,83,83,83
Ivan Zamorano,,,0,0,0,0,0,0,0,0,0,0,0,0,0,0,86,98,98,98,98,98,98,98,98,98,98,98,98,98,98,98,98,98,98,98,98,98,98,98,98,98
Meho Kodro,,,0,0,0,0,0,0,0,0,0,0,0,0,0,0,73,82,88,100,100,105,105,105,105,105,105,105,105,105,105,105,105,105,105,105,105,105,105,105,105,105
Bebeto,,,0,0,0,0,0,0,0,0,0,0,0,0,0,0,0,86,86,86,86,86,86,86,86,86,86,86,86,86,86,86,86,86,86,86,86,86,86,86,86,86
Juan Antonio Pizzi,,,0,0,0,0,0,0,0,0,0,0,0,0,0,0,0,80,89,91,91,91,91,92,92,92,92,92,92,92,92,92,92,92,92,92,92,92,92,92,92,92
Davor Suker,,,0,0,0,0,0,0,0,0,0,0,0,0,0,0,0,76,100,110,114,114,114,114,114,114,114,114,114,114,114,114,114,114,114,114,114,114,114,114,114,114
Lyuboslav Penev,,,0,0,0,0,0,0,0,0,0,0,0,0,0,0,0,0,0,90,104,104,104,104,104,104,104,104,104,104,104,104,104,104,104,104,104,104,104,104,104,104
Fernando Hierro,,,0,0,0,0,0,0,0,0,0,0,0,0,0,0,0,0,0,84,90,95,100,105,105,105,105,105,105,105,105,105,105,105,105,105,105,105,105,105,105,105
Raul,,,0,0,0,0,0,0,0,0,0,0,0,0,0,0,0,0,0,0,84,101,126,140,156,167,176,182,188,206,224,229,229,229,229,229,229,229,229,229,229,229
Rivaldo,,,0,0,0,0,0,0,0,0,0,0,0,0,0,0,0,0,0,0,0,0,99,107,107,107,107,107,107,107,107,107,107,107,107,107,107,107,107,107,107,107
Fernando Morientes,,,0,0,0,0,0,0,0,0,0,0,0,0,0,0,0,0,0,0,0,0,0,98,103,103,103,103,115,121,122,122,122,122,122,122,122,122,122,122,122,122
Roy Makaay,,,0,0,0,0,0,0,0,0,0,0,0,0,0,0,0,0,0,0,0,0,0,0,100,100,100,100,100,100,100,100,100,100,100,100,100,100,100,100,100,100
Ismael Urzaiz,,,0,0,0,0,0,0,0,0,0,0,0,0,0,0,0,0,0,0,0,0,0,0,99,107,119,122,130,130,130,130,130,130,130,130,130,130,130,130,130,130
Samuel Eto'o,,,0,0,0,0,0,0,0,0,0,0,0,0,0,0,0,0,0,0,0,0,0,0,0,0,0,105,116,132,162,162,162,162,162,162,162,162,162,162,162,162
Luis Enrique,,,0,0,0,0,0,0,0,0,0,0,0,0,0,0,0,0,0,0,0,0,0,0,99,102,102,102,102,102,102,102,102,102,102,102,102,102,102,102,102,102
Ronaldo,,,0,0,0,0,0,0,0,0,0,0,0,0,0,0,0,0,0,0,0,0,0,0,0,0,102,116,117,117,117,117,117,117,117,117,117,117,117,117,117,117
Raul Tamudo,,,0,0,0,0,0,0,0,0,0,0,0,0,0,0,0,0,0,0,0,0,0,0,0,0,0,0,113,123,129,129,136,145,146,146,146,146,146,146,146,146
David Villa,,,0,0,0,0,0,0,0,0,0,0,0,0,0,0,0,0,0,0,0,0,0,0,0,0,0,0,0,0,118,139,157,162,172,185,185,185,185,185,185,185
Diego Forlan,,,0,0,0,0,0,0,0,0,0,0,0,0,0,0,0,0,0,0,0,0,0,0,0,0,0,0,0,0,0,120,128,128,128,128,128,128,128,128,128,128
Lionel Messi,,,0,0,0,0,0,0,0,0,0,0,0,0,0,0,0,0,0,0,0,0,0,0,0,0,0,0,0,0,0,0,119,214,215,243,286,312,349,383,419,438
Cristiano Ronaldo,,,0,0,0,0,0,0,0,0,0,0,0,0,0,0,0,0,0,0,0,0,0,0,0,0,0,0,0,0,0,0,0,112,146,177,225,260,285,311,311,311
Aritz Aduriz,,,0,0,0,0,0,0,0,0,0,0,0,0,0,0,0,0,0,0,0,0,0,0,0,0,0,0,0,0,0,0,0,0,0,0,0,130,146,155,157,158
Karim Benzema,,,0,0,0,0,0,0,0,0,0,0,0,0,0,0,0,0,0,0,0,0,0,0,0,0,0,0,0,0,0,0,0,0,0,0,0,0,122,127,148,162
Antoine Griezmann,,,0,0,0,0,0,0,0,0,0,0,0,0,0,0,0,0,0,0,0,0,0,0,0,0,0,0,0,0,0,0,0,0,0,0,0,0,0,0,134,142
Luis Suarez,,,0,0,0,0,0,0,0,0,0,0,0,0,0,0,0,0,0,0,0,0,0,0,0,0,0,0,0,0,0,0,0,0,0,0,0,0,0,0,131,142
